Seasons,Team,BPM,OverallRank,Points Per Game,Assists,Rebounds Per Game,Assists Per Game,Rebounds,Three Point %,VORP,Points,Minutes Per Game,Free Throw %,Minutes,YearDrafted,Field Goal %,Player,Win Shares Per 48 Minutes,College,Win Shares,Games
7,CHA,-2.5,20,5.3,143,3.9,0.5,1150,.286,-0.5,1553,13.3,.797,3905,2008,.503,Alexis Ajinça,.093,,7.5,293
,UTA,,44,,,,,,,,,,,,2008,,Ante Tomić,,,,
6,GSW,-2.1,14,7.1,187,4.3,0.7,1078,.241,-0.1,1789,15.2,.740,3841,2008,.453,Anthony Randolph,.072,Louisiana State University,5.8,252
9,POR,-1.7,13,6.8,468,2.9,1.0,1413,.402,0.7,3250,22.0,.706,10564,2008,.426,Brandon Rush,.051,University of Kansas,11.2,481
11,NJN,1.0,10,17.3,1091,6.5,1.5,4695,.347,17.0,12414,30.9,.791,22175,2008,.498,Brook Lopez,.130,Stanford University,60.1,717
6,NJN,-2.9,40,7.1,254,2.1,1.1,472,.329,-1.0,1571,19.7,.831,4381,2008,.439,Chris Douglas-Roberts,.059,University of Memphis,5.4,222
11,ORL,-0.2,22,9.7,1341,2.7,1.7,2095,.387,9.8,7658,27.4,.853,21593,2008,.450,Courtney Lee,.086,Western Kentucky University,38.7,787
11,CHA,-1.5,9,9.8,3204,1.9,4.0,1521,.381,2.6,7928,24.1,.863,19419,2008,.413,D.J. Augustin,.104,University of Texas at Austin,41.9,807
6,DET,-3.4,29,5.9,80,3.2,0.6,437,.333,-0.7,810,15.3,.720,2111,2008,.507,D.J. White,.087,Indiana University,3.8,138
10,NYK,1.2,6,15.9,1118,4.9,2.0,2669,.376,13.7,8720,31.1,.871,17052,2008,.425,Danilo Gallinari,.142,,50.4,549
3,MIA,-4.9,52,2.2,26,1.5,0.2,203,.235,-0.7,308,7.5,.644,1039,2008,.449,Darnell Jackson,.059,University of Kansas,1.3,138
9,NOH,-1.9,27,6.5,409,3.5,0.8,1768,.352,0.3,3282,17.8,.765,8945,2008,.444,Darrell Arthur,.066,University of Kansas,12.3,503
11,LAC,2.2,35,9.6,713,10.9,0.9,8890,.091,24.4,7836,28.2,.466,23092,2008,.670,DeAndre Jordan,.173,Texas A&M University,83.4,819
,SEA,,50,,,,,,,,,,,,2008,,DeVon Hardin,,University of California,,
,DET,,59,,,,,,,,,,,,2008,,Deron Washington,,Virginia Polytechnic Institute and State University,,
10,CHI,0.3,1,18.8,3056,3.5,5.6,1910,.304,10.5,10281,33.2,.824,18104,2008,.453,Derrick Rose,.099,University of Memphis,37.2,546
4,MEM,-3.8,28,6.1,183,2.4,0.7,600,.304,-2.0,1541,16.8,.701,4259,2008,.406,Donté Greene,.017,Syracuse University,1.5,253
11,LAC,-0.9,7,16.7,1842,2.5,2.9,1569,.374,5.8,10497,33.0,.814,20783,2008,.428,Eric Gordon,.078,Indiana University,33.6,629
11,SAS,1.7,26,11.2,2324,3.1,3.2,2253,.378,19.0,8164,28.2,.801,20471,2008,.453,George Hill,.140,Indiana University-Purdue University Indianapolis,59.9,726
11,SAS,1.1,45,13.7,3648,3.1,4.8,2315,.363,16.7,10421,28.0,.762,21236,2008,.466,Goran Dragić,.115,,51.0,758
5,WAS,-1.3,47,6.0,153,2.2,0.8,401,.369,0.5,1079,16.7,.760,3016,2008,.446,Henry Walker,.079,Kansas State University,5.0,181
8,CLE,-2.3,19,9.5,449,6.8,0.8,3639,.000,-0.9,5081,22.3,.617,11925,2008,.505,J.J. Hickson,.088,North Carolina State University,21.9,534
2,BOS,-4.6,30,1.9,13,1.4,0.3,54,.000,-0.2,73,6.5,.565,247,2008,.476,J.R. Giddens,.027,University of New Mexico,0.1,38
11,WAS,-0.1,18,8.0,240,5.1,0.4,3219,.074,5.2,5073,17.4,.588,11002,2008,.570,JaVale McGee,.139,"University of Nevada, Reno",31.9,633
,SAS,,57,,,,,,,,,,,,2008,,James Gist,,University of Maryland,,
8,SAC,-1.7,12,8.9,635,6.6,1.1,3880,.143,1.3,5210,25.2,.657,14819,2008,.496,Jason Thompson,.077,Rider University,23.8,588
11,IND,-2.0,11,8.4,1674,2.1,2.9,1235,.361,0.0,4909,21.3,.818,12486,2008,.411,Jerryd Bayless,.072,University of Arizona,18.6,586
2,MIL,-3.3,8,4.2,44,1.8,0.7,120,.340,-0.2,282,11.1,.698,745,2008,.410,Joe Alexander,.030,West Virginia University,0.5,67
1,LAL,-5.6,58,4.5,1,2.0,0.5,4,.250,0.0,9,11.5,1.000,23,2008,.300,Joe Crawford,.037,University of Kentucky,0.0,2
4,POR,-1.3,33,2.6,55,3.9,0.4,513,.000,0.3,344,11.4,.375,1488,2008,.534,Joey Dorsey,.092,University of Memphis,2.9,130
11,MEM,2.7,5,18.3,1519,11.3,2.3,7397,.370,24.9,12006,32.0,.827,21023,2008,.442,Kevin Love,.179,"University of California, Los Angeles",78.2,657
11,UTA,-0.9,23,5.7,359,5.0,0.5,3452,.000,3.3,3913,16.4,.582,11271,2008,.534,Kosta Koufos,.120,Ohio State University,28.3,686
3,CHA,-1.3,38,5.0,119,2.2,1.6,158,.353,0.3,363,18.9,.736,1379,2008,.441,Kyle Weaver,.051,Washington State University,1.5,73
11,MIL,-0.8,37,6.4,588,4.1,0.9,2798,.335,4.9,4375,23.3,.660,16013,2008,.454,Luc Mbah a Moute,.078,"University of California, Los Angeles",26.0,686
,HOU,,54,,,,,,,,,,,,2008,,Maarty Leunen,,University of Oregon,,
2,PHO,-1.9,48,2.4,29,1.2,0.5,77,.167,0.0,149,7.6,.514,472,2008,.512,Malik Hairston,.086,University of Oregon,0.8,62
9,MIN,0.3,34,8.9,2412,2.5,3.7,1585,.351,9.8,5743,26.7,.793,17245,2008,.417,Mario Chalmers,.090,University of Kansas,32.3,646
10,PHI,-2.8,16,7.9,461,4.1,0.7,2875,.356,-2.2,5592,15.1,.797,10640,2008,.459,Marreese Speights,.116,University of Florida,25.8,705
11,MIA,-3.2,2,12.4,788,4.7,1.3,2861,.349,-4.3,7568,22.8,.759,13903,2008,.465,Michael Beasley,.054,Kansas State University,15.6,609
1,POR,-5.5,55,5.7,106,1.7,2.1,87,.325,-0.7,289,15.1,.691,771,2008,.412,Mike Taylor,-.028,Iowa State University,-0.4,51
2,IND,-4.0,41,2.8,24,2.4,0.5,106,.000,-0.2,126,9.6,.684,431,2008,.435,Nathan Jawai,.020,,0.2,45
11,HOU,2.4,25,11.8,2901,5.3,3.8,4037,.358,26.8,9039,31.6,.841,24228,2008,.435,Nicolas Batum,.107,,54.1,767
6,MIN,-0.8,31,12.6,199,6.7,0.7,1807,,2.0,3405,24.9,.760,6744,2008,.518,Nikola Peković,.134,,18.8,271
8,MIN,-0.8,3,13.8,1607,3.1,2.9,1706,.373,5.1,7574,30.9,.820,16919,2008,.429,O.J. Mayo,.062,University of Southern California,21.8,547
1,SAC,-9.3,43,0.4,2,0.3,0.3,2,.000,0.0,3,2.7,.750,19,2008,.000,Patrick Ewing,-.158,Georgetown University,-0.1,7
,GSW,,49,,,,,,,,,,,,2008,,Richard Hendrix,,University of Alabama,,
11,PHO,0.1,15,9.1,642,5.3,0.8,4045,.216,9.3,6943,23.0,.757,17649,2008,.531,Robin Lopez,.117,Stanford University,43.0,766
9,TOR,0.2,17,10.0,885,6.3,1.3,4173,.250,9.1,6611,24.8,.755,16389,2008,.465,Roy Hibbert,.105,Georgetown University,35.9,662
11,SEA,6.6,4,23.0,6897,7.0,8.4,5760,.308,61.6,18859,34.5,.801,28330,2008,.434,Russell Westbrook,.164,"University of California, Los Angeles",96.9,821
11,NJN,0.6,21,12.4,584,5.3,0.9,3406,.380,11.0,7996,25.9,.854,16755,2008,.422,Ryan Anderson,.134,University of California,46.7,647
1,SEA,-0.8,56,0.9,3,1.0,0.1,26,,0.0,23,3.8,.455,95,2008,.529,Sasha Kaun,.096,University of Kansas,0.2,25
1,SAC,-4.9,42,2.4,29,0.9,0.8,35,.400,-0.2,90,8.2,.857,303,2008,.365,Sean Singletary,.006,University of Virginia,0.0,37
2,BOS,-2.0,60,3.8,29,2.8,0.4,190,,0.0,262,13.4,.594,928,2008,.546,Semih Erden,.094,,1.8,69
10,SEA,0.6,24,12.3,545,7.3,0.7,5492,.357,14.3,9298,28.7,.761,21624,2008,.514,Serge Ibaka,.142,,63.9,753
,DAL,,51,,,,,,,,,,,,2008,,Shan Foster,,Vanderbilt University,,
4,CHI,-4.2,39,6.5,257,2.2,1.4,402,.283,-1.9,1189,18.2,.702,3335,2008,.465,Sonny Weems,.001,University of Arkansas,0.0,183
,UTA,,53,,,,,,,,,,,,2008,,Tadija Dragićević,,,,
,SEA,,46,,,,,,,,,,,,2008,,Trent Plaisted,,Brigham Young University Hawaii,,
1,SEA,-16.5,32,1.0,0,0.4,0.0,3,.000,-0.1,8,2.5,.000,20,2008,.364,Walter Sharpe,-.131,University of Alabama at Birmingham,-0.1,8
8,POR,-1.5,36,5.3,280,7.1,0.6,3362,.000,1.1,2479,19.6,.551,9216,2008,.528,Ömer Aşık,.109,,20.9,471
6,IND,-2.4,52,5.8,567,1.4,2.2,377,.316,-0.4,1523,15.1,.742,3929,2009,.380,A.J. Price,.058,University of Connecticut,4.7,261
,DAL,,56,,,,,,,,,,,,2009,,Ahmad Nivins,,Saint Joseph's University,,
6,DET,-2.6,15,5.2,212,2.6,0.7,764,.351,-0.6,1522,14.1,.778,4132,2009,.402,Austin Daye,.053,Gonzaga University,4.5,293
9,LAC,4.0,1,21.9,2690,9.0,4.5,5417,.342,32.3,13200,35.0,.692,21159,2009,.502,Blake Griffin,.171,University of Oklahoma,75.3,604
9,MIL,0.4,10,14.1,3151,3.0,5.7,1659,.345,10.4,7801,30.3,.796,16844,2009,.387,Brandon Jennings,.085,,29.9,555
5,DAL,-4.6,24,7.4,153,4.2,0.8,790,.319,-2.3,1398,18.2,.706,3446,2009,.408,Byron Mullens,.008,Ohio State University,0.6,189
7,DET,-1.4,44,7.9,473,3.0,1.2,1240,.352,1.2,3198,19.7,.797,7998,2009,.430,Chase Budinger,.083,University of Arizona,13.9,407
,LAL,,59,,,,,,,,,,,,2009,,Chinemelu Elonu,,Texas A&M University,,
2,CLE,-4.0,30,6.3,40,2.7,0.8,137,.277,-0.5,320,20.6,.611,1049,2009,.411,Christian Eyenga,-.020,,-0.4,51
4,DET,-6.4,35,3.3,29,1.0,0.3,82,.367,-0.9,278,9.9,.642,820,2009,.384,DaJuan Summers,-.008,Georgetown University,-0.1,83
10,CLE,3.0,46,9.0,997,3.5,1.6,2169,.404,19.9,5576,25.4,.817,15769,2009,.424,Danny Green,.119,University of North Carolina,39.2,620
10,POR,-1.0,33,5.8,506,3.7,0.7,2676,.345,3.7,4133,20.8,.649,14875,2009,.469,Dante Cunningham,.080,Villanova University,24.9,715
10,NOH,0.1,21,12.5,3543,2.7,5.0,1885,.394,11.1,8857,29.4,.853,20796,2009,.471,Darren Collison,.115,"University of California, Los Angeles",49.9,708
7,SAS,0.4,37,6.8,349,5.1,0.8,2153,.000,4.2,2865,16.6,.608,7054,2009,.524,DeJuan Blair,.129,University of Pittsburgh,19.0,424
10,TOR,-0.5,9,19.9,2553,4.3,3.4,3201,.283,10.0,14931,34.1,.828,25674,2009,.451,DeMar DeRozan,.113,University of Southern California,60.3,752
10,MEM,0.7,27,9.1,701,4.3,1.3,2399,.360,9.1,5063,24.2,.743,13385,2009,.430,DeMarre Carroll,.105,University of Missouri,29.3,554
3,CHA,-1.6,40,5.2,119,2.4,0.7,413,.317,0.2,895,14.9,.637,2554,2009,.515,Derrick Brown,.085,Xavier University,4.5,171
6,PHO,-3.6,14,4.4,134,3.0,0.5,778,.328,-1.5,1138,13.9,.664,3630,2009,.403,Earl Clark,.038,University of Louisville,2.9,261
,PHO,,57,,,,,,,,,,,,2009,,Emir Preldžić,,,,
5,UTA,-4.7,20,4.3,760,1.3,2.8,348,.350,-2.7,1141,14.6,.721,3896,2009,.392,Eric Maynor,.041,Virginia Commonwealth University,3.3,267
8,CHA,-2.2,12,11.2,1009,3.2,1.9,1716,.327,-0.9,5987,25.9,.793,13854,2009,.440,Gerald Henderson,.063,Duke University,18.3,535
,UTA,,50,,,,,,,,,,,,2009,,Goran Suton,,Michigan State University,,
5,MEM,-1.4,2,2.2,27,2.7,0.1,595,,0.4,483,10.5,.578,2357,2009,.567,Hasheem Thabeet,.099,University of Connecticut,4.8,224
,MIN,,47,,,,,,,,,,,,2009,,Henk Norel,,,,
,SAS,,51,,,,,,,,,,,,2009,,Jack McClinton,,University of Miami,,
10,OKC,7.1,3,24.3,4743,5.2,6.2,4000,.365,59.9,18627,34.1,.857,26106,2009,.443,James Harden,.224,Arizona State University,121.9,765
10,CHI,1.1,16,7.9,1281,3.6,2.1,2166,.305,9.7,4785,20.7,.695,12462,2009,.477,James Johnson,.090,Wake Forest University,23.5,602
6,SAC,-1.4,31,2.9,99,2.7,0.4,632,.400,0.4,690,9.8,.776,2322,2009,.553,Jeff Ayres,.131,Arizona State University,6.3,237
10,ATL,0.0,19,12.7,4145,2.5,5.8,1759,.356,10.0,9049,27.7,.842,19750,2009,.445,Jeff Teague,.117,Wake Forest University,48.3,712
2,WAS,-4.6,32,5.4,48,1.7,0.7,108,.284,-0.5,351,12.1,.730,786,2009,.441,Jermaine Taylor,.014,University of Central Florida,0.2,65
10,MIL,-0.6,41,9.3,583,2.1,1.1,1120,.373,4.2,4988,22.5,.879,12110,2009,.420,Jodie Meeks,.096,University of Kentucky,24.3,539
3,POR,-2.1,38,2.1,49,3.1,0.3,472,.000,0.0,320,10.5,.618,1570,2009,.488,Jon Brockman,.113,University of Washington,3.7,150
9,DET,-0.8,39,6.2,525,4.0,0.8,2522,.363,3.3,3919,17.8,.770,11323,2009,.457,Jonas Jerebko,.109,,25.8,635
3,MIN,-4.9,6,9.2,634,1.9,3.9,307,.338,-2.7,1504,22.9,.809,3738,2009,.400,Jonny Flynn,-.015,Syracuse University,-1.1,163
8,NYK,-2.0,8,7.9,322,5.8,0.8,2389,.136,0.0,3232,18.8,.699,7692,2009,.497,Jordan Hill,.102,University of Arizona,16.4,409
10,PHI,1.3,17,15.6,4151,3.8,6.4,2499,.355,18.0,10148,33.1,.784,21586,2009,.452,Jrue Holiday,.087,"University of California, Los Angeles",39.1,652
4,BOS,-2.7,58,4.7,71,1.4,1.2,77,.277,-0.1,268,10.4,.806,594,2009,.375,Lester Hudson,.016,University of Tennessee at Martin,0.2,57
8,MIA,-0.8,43,11.9,677,2.8,1.4,1348,.358,3.4,5750,23.4,.830,11299,2009,.425,Marcus Thornton,.085,Louisiana State University,20.0,483
2,SAS,-0.8,53,3.8,203,1.8,1.7,211,.363,0.4,453,11.9,.835,1414,2009,.429,Nando De Colo,.081,,2.4,119
2,MIN,-0.7,45,4.6,353,1.9,2.7,243,.288,0.6,590,15.6,.581,2011,2009,.441,Nick Calathes,.063,University of Florida,2.6,129
10,SAC,-1.5,23,7.9,662,4.0,1.1,2355,.368,1.6,4642,20.3,.678,11959,2009,.454,Omri Casspi,.078,,19.6,588
7,LAL,1.9,42,9.0,1312,4.3,3.5,1618,.380,10.7,3438,28.3,.770,10761,2009,.412,Patrick Beverley,.110,University of Arkansas,24.8,380
10,POR,0.4,55,8.4,1431,1.7,2.4,1010,.391,7.1,5094,19.0,.849,11497,2009,.431,Patty Mills,.115,Saint Mary's College of California,27.5,605
8,MIN,1.2,5,11.1,3817,4.2,7.7,2092,.322,12.3,5525,30.9,.838,15370,2009,.388,Ricky Rubio,.101,,32.2,498
,MIA,,60,,,,,,,,,,,,2009,,Robert Dozier,,University of Memphis,,
,CHA,,54,,,,,,,,,,,,2009,,Robert Vaden,,University of Alabama at Birmingham,,
4,OKC,-0.1,25,7.1,374,1.9,2.1,338,.325,1.4,1286,15.9,.810,2896,2009,.439,Rodrigue Beaubois,.079,,4.8,182
4,MEM,-2.9,36,5.8,180,2.3,0.7,573,.280,-0.9,1436,15.9,.742,3966,2009,.442,Sam Young,.063,University of Pittsburgh,5.2,249
,DEN,,34,,,,,,,,,,,,2009,,Sergio Llull,,,,
,ATL,,49,,,,,,,,,,,,2009,,Sergiy Gladyr,,,,
10,GSW,6.5,7,23.5,4588,4.5,6.6,3132,.436,51.1,16315,34.4,.905,23859,2009,.477,Stephen Curry,.207,Davidson College,102.9,694
10,CHI,0.1,26,9.8,760,6.4,1.0,4731,.212,10.0,7239,25.9,.709,19069,2009,.512,Taj Gibson,.125,University of Southern California,49.8,737
1,PHO,-7.3,48,1.3,1,0.3,0.1,2,.000,0.0,10,4.0,.500,32,2009,.400,Taylor Griffin,-.039,University of Oklahoma,0.0,8
4,NJN,-3.8,11,7.1,364,3.6,2.4,545,.317,-1.4,1085,19.1,.659,2922,2009,.412,Terrence Williams,-.004,University of Louisville,-0.2,153
8,LAL,-0.6,29,7.6,889,2.2,2.3,875,.354,2.6,3009,19.1,.824,7511,2009,.404,Toney Douglas,.077,Florida State University,12.1,394
8,MIN,0.7,18,12.7,3316,2.7,6.0,1506,.359,10.9,6977,29.2,.770,16088,2009,.460,Ty Lawson,.126,University of North Carolina,42.1,551
7,IND,-2.5,13,6.7,181,4.2,0.4,1808,.136,-1.0,2881,16.9,.738,7233,2009,.439,Tyler Hansbrough,.134,University of North Carolina,20.2,428
10,SAC,0.7,4,15.7,2852,4.6,4.8,2720,.323,12.6,9347,30.7,.757,18242,2009,.440,Tyreke Evans,.075,University of Memphis,28.4,594
3,POR,-3.3,22,3.2,56,2.2,0.7,178,.293,-0.4,258,13.4,.585,1072,2009,.398,Victor Claver,.011,,0.2,80
10,MIN,-2.0,28,8.2,711,2.2,1.1,1416,.379,-0.1,5278,21.3,.846,13720,2009,.410,Wayne Ellington,.062,University of North Carolina,17.8,645
9,LAC,0.0,8,7.7,827,6.1,1.2,4083,.337,8.5,5170,25.2,.747,16884,2010,.423,Al-Farouq Aminu,.078,Wake Forest University,27.4,670
1,NYK,-16.0,38,1.6,3,0.2,0.6,1,.250,-0.1,8,4.8,.500,24,2010,.429,Andy Rautins,-.314,Syracuse University,-0.2,5
2,POR,-6.2,34,3.3,56,1.0,1.2,49,.400,-0.4,157,8.5,.679,401,2010,.458,Armon Johnson,-.015,"University of Nevada, Reno",-0.1,47
9,BOS,-1.8,19,12.0,949,3.0,1.8,1555,.364,0.6,6289,28.7,.778,14957,2010,.436,Avery Bradley,.047,University of Texas at Austin,14.6,522
8,NOH,1.0,11,3.1,183,3.3,0.5,1131,,2.6,1050,10.0,.738,3389,2010,.527,Cole Aldrich,.135,University of Kansas,9.6,339
2,OKC,-9.1,21,1.8,9,1.1,0.5,19,.214,-0.2,30,7.1,.500,121,2010,.265,Craig Brackins,-.089,Iowa State University,-0.2,17
,MIA,,42,,,,,,,,,,,,2010,,Da'Sean Butler,,West Virginia University,,
4,ATL,-4.3,24,3.8,26,3.4,0.7,131,.000,-0.4,150,16.0,.667,623,2010,.415,Damion James,-.001,University of Texas at Austin,0.0,39
3,ORL,-1.7,29,2.8,24,2.5,0.5,126,.000,0.0,143,10.6,.597,542,2010,.485,Daniel Orton,.093,University of Kentucky,1.0,51
1,MIL,-14.1,37,0.8,6,0.6,1.2,3,.000,-0.1,4,7.8,,39,2010,.154,Darington Hobson,-.225,University of New Mexico,-0.2,5
9,SAC,2.9,5,21.2,1832,10.9,3.2,6131,.332,22.5,12006,32.0,.737,18078,2010,.461,DeMarcus Cousins,.117,University of Kentucky,44.1,565
1,LAL,-4.9,58,2.0,7,1.0,0.2,43,,-0.2,81,5.2,.739,215,2010,.485,Derrick Caracter,.057,University of Texas at El Paso,0.3,41
9,NJN,1.4,3,11.6,701,7.2,1.1,4547,.210,14.1,7320,25.7,.664,16267,2010,.525,Derrick Favors,.146,Georgia Institute of Technology,49.5,632
3,LAL,-4.7,43,3.6,24,1.9,0.4,122,.222,-0.5,224,11.3,.722,711,2010,.385,Devin Ebanks,.035,West Virginia University,0.5,63
4,MIA,-6.0,32,2.3,9,1.8,0.2,89,,-0.4,116,6.9,.545,347,2010,.450,Dexter Pittman,.068,University of Texas at Austin,0.5,50
3,MEM,-3.6,25,3.1,144,1.4,1.8,114,.095,-0.3,246,9.3,.729,741,2010,.366,Dominique Jones,.017,University of South Florida,0.3,80
,PHO,,60,,,,,,,,,,,,2010,,Dwayne Collins,,University of Miami,,
9,TOR,0.9,13,6.5,499,6.8,0.8,4332,.000,9.5,4164,20.2,.584,12953,2010,.569,Ed Davis,.153,University of North Carolina,41.3,640
7,GSW,0.2,6,3.5,260,2.9,0.7,1100,.000,3.2,1353,14.8,.718,5694,2010,.453,Ekpe Udoh,.088,Baylor University,10.4,384
4,POR,-5.3,22,4.9,94,1.5,0.9,161,.310,-1.2,537,13.5,.669,1470,2010,.421,Elliot Williams,.024,University of Memphis,0.7,109
9,OKC,2.2,18,14.1,2724,3.9,4.8,2229,.336,16.8,8034,27.9,.794,15903,2010,.455,Eric Bledsoe,.112,University of Kentucky,37.0,570
9,PHI,-2.0,2,9.9,2424,4.7,3.5,3240,.296,0.1,6762,27.2,.781,18687,2010,.435,Evan Turner,.053,Ohio State University,20.5,686
1,PHO,-4.9,46,0.0,0,0.0,0.0,0,,0.0,0,2.0,,2,2010,,Gani Lawal,-.009,Georgia Institute of Technology,0.0,1
9,UTA,1.9,9,15.1,2006,4.2,3.4,2472,.364,17.5,8904,30.6,.821,18032,2010,.446,Gordon Hayward,.128,Butler University,47.9,589
9,DET,1.9,7,13.2,1354,8.3,2.1,5229,.059,17.2,8326,27.7,.704,17475,2010,.514,Greg Monroe,.136,Georgetown University,49.7,632
7,MEM,-1.5,28,9.0,1935,2.5,4.8,1021,.349,1.1,3591,23.7,.817,9520,2010,.418,Greivis Vásquez,.064,University of Maryland,12.6,401
3,MIN,-4.9,56,0.6,3,0.8,0.1,25,,-0.1,20,4.8,.462,157,2010,.467,Hamady N'Diaye,.013,Rutgers University,0.0,33
7,SAC,0.4,33,13.4,203,11.4,0.6,3909,.222,5.5,4583,26.0,.593,8929,2010,.574,Hassan Whiteside,.198,Marshall University,36.8,343
5,SAS,-2.8,20,5.8,291,2.3,1.2,560,.321,-0.9,1422,17.5,.755,4320,2010,.411,James Anderson,.037,Oklahoma State University,3.3,247
2,MIA,-1.9,41,2.9,16,1.9,0.4,72,,0.0,107,10.7,.518,397,2010,.582,Jarvis Varnado,.089,Mississippi State University,0.7,37
7,UTA,1.0,55,3.5,107,2.6,0.4,641,.231,2.0,879,10.5,.687,2626,2010,.569,Jeremy Evans,.150,Western Kentucky University,8.2,250
2,MIL,0.0,44,2.8,17,2.0,0.3,132,,0.2,180,7.6,.852,491,2010,.528,Jerome Jordan,.168,University of Tulsa,1.7,65
9,WAS,2.3,1,19.0,5282,4.3,9.2,2483,.324,22.1,10879,35.9,.781,20545,2010,.433,John Wall,.104,University of Kentucky,44.3,573
6,NJN,-2.1,27,12.2,883,2.5,3.1,703,.317,-0.2,3432,24.4,.826,6843,2010,.411,Jordan Crawford,.044,Xavier University,6.3,281
7,CHI,-3.9,17,5.9,246,3.5,0.6,1462,.000,-3.1,2516,15.2,.715,6430,2010,.489,Kevin Séraphin,.044,,5.9,423
9,IND,-0.8,40,8.6,1456,4.2,2.9,2124,.315,3.6,4354,23.4,.685,11866,2010,.444,Lance Stephenson,.068,University of Cincinnati,16.7,508
5,NYK,-0.1,39,6.8,419,4.3,1.6,1092,.332,2.8,1731,23.6,.666,6010,2010,.473,Landry Fields,.084,Stanford University,10.5,255
6,MIL,0.6,15,6.4,174,5.7,0.7,1345,.000,3.0,1520,19.5,.553,4635,2010,.480,Larry Sanders,.107,Virginia Commonwealth University,10.3,238
,MIA,,48,,,,,,,,,,,,2010,,Latavious Williams,,,,
3,WAS,-4.6,30,2.9,35,1.3,0.5,90,.269,-0.4,207,8.2,.767,591,2010,.347,Lazar Hayward,.020,Marquette University,0.2,72
8,MIN,-2.8,16,4.8,224,2.2,0.6,846,.402,-1.0,1818,14.0,.747,5332,2010,.408,Luke Babbitt,.065,"University of Nevada, Reno",7.2,381
2,BOS,-3.3,52,3.6,36,2.8,0.5,196,.241,-0.3,253,12.4,.737,871,2010,.376,Luke Harangody,.048,University of Notre Dame,0.9,70
,OKC,,51,,,,,,,,,,,,2010,,Magnum Rolle,,Louisiana Tech University,,
4,WAS,0.6,35,7.1,395,4.4,1.5,1172,.381,3.6,1906,20.2,.755,5424,2010,.460,Nemanja Bjelica,.095,,10.7,269
1,ATL,-6.0,53,2.3,2,1.0,0.7,3,.000,0.0,7,7.0,1.000,21,2010,.333,Pape Sy,-.047,,0.0,3
9,HOU,0.3,14,6.9,666,4.1,1.1,2573,.367,7.7,4293,21.8,.749,13565,2010,.450,Patrick Patterson,.102,University of Kentucky,28.7,622
9,IND,3.8,10,19.8,2000,6.4,3.3,3891,.378,29.9,11983,33.8,.844,20424,2010,.433,Paul George,.153,"California State University, Fresno",65.2,604
,MIN,,45,,,,,,,,,,,,2010,,Paulo Prestes,,,,
7,OKC,-1.2,26,4.5,263,1.8,0.7,640,.356,1.1,1609,15.6,.746,5530,2010,.423,Quincy Pondexter,.084,University of Washington,9.7,355
1,IND,-5.5,57,1.6,0,0.4,0.0,2,,0.0,8,3.4,,17,2010,.800,Ryan Reid,.142,Florida State University,0.1,5
,SAS,,49,,,,,,,,,,,,2010,,Ryan Richards,,,,
2,DAL,-5.4,50,1.5,5,2.3,0.2,61,,-0.2,39,7.0,.700,181,2010,.314,Solomon Alabi,.010,Florida State University,0.0,26
,ORL,,59,,,,,,,,,,,,2010,,Stanley Robinson,,University of Connecticut,,
,DET,,36,,,,,,,,,,,,2010,,Terrico White,,University of Mississippi,,
1,NJN,-8.1,31,2.0,2,1.3,0.2,15,.000,-0.1,24,6.8,1.000,82,2010,.440,Tibor Pleiß,-.041,,-0.1,12
,MIL,,47,,,,,,,,,,,,2010,,Tiny Gallon,,University of Oklahoma,,
8,MIN,0.2,23,6.9,566,5.5,1.1,2932,.305,6.0,3679,20.4,.636,10872,2010,.515,Trevor Booker,.116,Clemson University,26.2,532
9,MIN,-1.2,4,7.0,645,3.2,1.1,1924,.337,2.9,4235,22.1,.741,13472,2010,.404,Wesley Johnson,.038,Syracuse University,10.7,609
1,LAC,-4.5,54,1.9,27,0.6,1.4,12,.333,-0.1,37,7.1,.750,134,2010,.371,Willie Warren,.065,University of Oklahoma,0.2,19
5,MEM,-5.1,12,5.7,120,1.9,0.6,351,.325,-2.3,1050,15.7,.635,2905,2010,.406,Xavier Henry,.013,University of Kansas,0.8,185
8,UTA,-2.2,12,9.5,729,3.0,1.7,1304,.355,-0.5,4089,21.1,.771,9052,2011,.423,Alec Burks,.069,University of Colorado,13.0,429
3,LAL,-6.5,46,4.0,24,0.7,0.5,34,.345,-0.5,197,9.7,.875,475,2011,.393,Andrew Goudelock,.003,College of Charleston,0.0,49
,LAL,,58,,,,,,,,,,,,2011,,Ater Majok,,,,
8,SAC,-2.0,7,4.9,288,6.3,0.5,3660,.000,0.1,2880,20.3,.571,11835,2011,.517,Bismack Biyombo,.093,,22.9,583
5,MIA,-1.7,31,13.3,558,3.4,1.4,1348,.389,1.0,5295,27.8,.846,11089,2011,.463,Bojan Bogdanović,.080,,18.4,399
7,DET,-1.5,8,14.5,1700,3.2,4.0,1336,.354,1.7,6086,30.1,.812,12675,2011,.413,Brandon Knight,.044,University of Kentucky,11.6,421
8,HOU,1.6,38,12.8,1198,4.5,2.8,1965,.373,12.0,5557,30.3,.713,13192,2011,.462,Chandler Parsons,.106,University of Florida,29.0,435
2,GSW,-5.9,44,3.7,214,0.9,1.9,100,.182,-1.3,408,12.1,.754,1334,2011,.434,Charles Jenkins,.017,Hofstra University,0.5,110
3,WAS,-2.3,18,4.1,92,3.2,0.6,472,.319,-0.2,612,17.6,.633,2605,2011,.376,Chris Singleton,.042,Florida State University,2.3,148
,LAL,,56,,,,,,,,,,,,2011,,Chukwudiebere Maduabum,,,,
8,SAS,-0.6,29,6.9,1485,2.6,2.8,1363,.327,3.9,3665,21.5,.761,11356,2011,.444,Cory Joseph,.092,University of Texas at Austin,21.8,528
4,LAL,-5.6,41,3.3,189,1.0,1.4,126,.322,-1.3,430,11.1,.630,1464,2011,.384,Darius Morris,-.010,University of Michigan,-0.3,132
5,ORL,-2.0,53,2.0,122,1.4,0.7,252,.352,0.0,346,10.8,.549,1907,2011,.402,DeAndre Liggins,.040,University of Kentucky,1.6,177
7,MIN,-3.2,2,8.9,293,4.0,0.7,1693,.300,-2.6,3809,20.7,.710,8864,2011,.434,Derrick Williams,.076,University of Arizona,14.1,428
6,MIN,-2.0,20,7.3,269,3.8,1.1,952,.300,0.0,1832,18.2,.597,4566,2011,.469,Donatas Motiejūnas,.075,,7.1,251
3,IND,1.3,42,6.2,220,2.3,1.0,515,.404,2.9,1365,16.0,.846,3526,2011,.444,Dāvis Bertāns,.127,,9.3,220
8,BOS,-1.8,55,8.0,937,2.0,1.8,1032,.392,0.7,4144,21.7,.744,11155,2011,.458,E'Twaun Moore,.058,Purdue University,13.5,515
8,UTA,-1.3,3,11.9,490,7.6,0.8,4436,.294,2.1,6946,22.2,.780,12949,2011,.541,Enes Kanter,.147,,39.6,583
8,NYK,-0.5,17,7.3,833,3.4,1.9,1499,.340,4.2,3264,25.2,.766,11218,2011,.393,Iman Shumpert,.055,Georgia Institute of Technology,12.9,446
8,SAC,1.9,60,18.6,2453,2.5,5.1,1220,.360,13.9,9020,29.4,.874,14257,2011,.437,Isaiah Thomas,.152,University of Washington,45.3,485
1,NJN,-6.3,27,3.2,6,1.6,0.2,58,,-0.3,114,8.3,.667,298,2011,.446,JaJuan Johnson,.032,Purdue University,0.2,36
3,WAS,-0.6,6,3.6,96,3.5,0.6,562,.000,0.9,590,15.2,.408,2455,2011,.521,Jan Veselý,.078,,4.0,162
3,CHA,-6.6,39,3.6,25,2.6,0.2,269,.000,-1.2,373,9.9,.557,1034,2011,.450,Jeremy Tyler,.014,,0.3,104
6,MIL,-4.2,10,6.0,331,1.0,1.4,243,.372,-1.8,1438,13.3,.879,3213,2011,.409,Jimmer Fredette,.033,Brigham Young University,2.2,241
8,CHI,4.0,30,16.7,1805,4.9,3.5,2577,.341,26.0,8730,32.9,.835,17229,2011,.454,Jimmy Butler,.184,Marquette University,66.1,523
,POR,,51,,,,,,,,,,,,2011,,Jon Diebler,,Ohio State University,,
8,MIL,-1.4,40,6.4,301,3.8,0.8,1426,.328,0.9,2395,15.8,.767,5945,2011,.484,Jon Leuer,.107,University of Wisconsin,13.2,377
7,TOR,0.0,5,12.1,391,8.5,0.8,4164,.357,6.1,5903,25.2,.786,12301,2011,.558,Jonas Valančiūnas,.177,,45.3,489
5,DAL,-1.5,26,5.9,127,2.8,0.8,429,.357,0.3,890,13.9,.670,2100,2011,.408,Jordan Hamilton,.069,University of Texas at Austin,3.0,151
1,NJN,-3.1,36,4.6,11,3.6,0.3,156,,-0.2,197,14.8,.652,635,2011,.507,Jordan Williams,.101,University of Maryland,1.3,43
3,NOH,-0.7,45,3.5,26,3.0,0.3,227,.347,0.3,265,11.8,.629,888,2011,.438,Josh Harrellson,.116,University of Kentucky,2.1,75
2,MEM,-10.1,49,2.2,34,0.5,0.9,20,.143,-0.6,83,7.8,.720,296,2011,.330,Josh Selby,-.113,University of Kansas,-0.7,38
3,CLE,-8.4,32,2.0,4,0.8,0.2,18,.276,-0.2,45,6.8,.333,150,2011,.340,Justin Harper,-.093,University of Richmond,-0.3,22
8,IND,6.1,15,17.7,1123,6.3,2.4,2950,.383,29.4,8250,30.8,.848,14404,2011,.495,Kawhi Leonard,.219,San Diego State University,65.8,467
1,ATL,-10.4,48,0.0,0,1.0,0.0,3,,0.0,0,3.0,,9,2011,.000,Keith Benson,-.005,Oakland University,0.0,3
8,CHA,2.5,9,19.8,3308,3.8,5.5,2317,.357,23.2,12009,34.1,.835,20607,2011,.418,Kemba Walker,.113,University of Connecticut,48.5,605
8,DEN,1.1,22,11.4,470,8.1,1.0,3884,.222,9.3,5430,24.5,.654,11728,2011,.546,Kenneth Faried,.159,Morehead State University,38.8,478
8,GSW,0.2,11,19.5,1416,3.5,2.3,2130,.419,11.3,11995,33.1,.848,20340,2011,.459,Klay Thompson,.110,Washington State University,46.8,615
6,DET,-1.6,33,6.5,272,2.9,0.8,1026,.362,0.7,2326,21.9,.786,7794,2011,.418,Kyle Singler,.062,Duke University,10.0,356
8,CLE,3.7,1,22.2,2884,3.6,5.7,1852,.390,24.9,11294,33.8,.875,17169,2011,.465,Kyrie Irving,.163,Duke University,58.4,508
6,PHI,-1.2,50,4.8,384,4.8,1.0,1843,.133,1.3,1847,17.8,.682,6905,2011,.471,Lavoy Allen,.096,Temple University,13.8,388
3,CHI,-2.0,43,3.9,51,1.8,1.4,65,.294,0.0,140,14.8,.703,534,2011,.382,Malcolm Lee,.040,"University of California, Los Angeles",0.4,36
5,BOS,-2.5,25,8.0,282,2.1,1.4,424,.345,-0.4,1592,17.3,.751,3456,2011,.447,MarShon Brooks,.046,Providence College,3.3,200
8,HOU,-0.6,14,11.5,828,4.6,1.5,2514,.360,4.9,6293,26.5,.747,14454,2011,.431,Marcus Morris,.089,University of Kansas,26.8,545
8,PHO,-0.8,13,11.6,980,5.5,1.7,3185,.338,4.5,6726,26.0,.778,15039,2011,.449,Markieff Morris,.076,University of Kansas,23.7,579
,CLE,,54,,,,,,,,,,,,2011,,Milan Mačvan,,,,
5,HOU,0.7,23,12.3,407,5.9,1.3,1894,.359,5.3,3910,24.2,.808,7718,2011,.423,Nikola Mirotić,.129,,20.8,319
8,PHI,1.7,16,15.7,1310,10.1,2.4,5437,.332,15.2,8411,30.0,.741,16105,2011,.502,Nikola Vučević,.124,University of Southern California,41.7,536
2,POR,-6.5,21,3.3,97,1.0,1.2,83,.260,-0.9,277,9.9,.714,829,2011,.371,Nolan Smith,-.047,Duke University,-0.8,84
6,CHI,-4.0,28,7.0,981,2.0,2.7,702,.324,-4.0,2506,22.3,.743,8018,2011,.407,Norris Cole,.018,Cleveland State University,3.0,360
8,OKC,-0.1,24,12.9,2330,3.0,4.4,1567,.333,6.6,6835,25.2,.859,13377,2011,.429,Reggie Jackson,.101,Boston College,28.2,530
8,WAS,-2.7,34,6.6,1421,2.0,3.1,894,.330,-1.5,2997,18.4,.731,8392,2011,.423,Shelvin Mack,.059,Butler University,10.3,456
,DAL,,57,,,,,,,,,,,,2011,,Targuy Ngombo,,,,
8,CHA,0.1,19,15.4,1029,6.0,1.9,3250,.364,9.0,8435,30.4,.822,16592,2011,.471,Tobias Harris,.114,University of Tennessee,39.4,546
1,LAC,-0.2,47,1.4,5,0.9,0.5,9,,0.0,14,4.5,.444,45,2011,.357,Travis Leslie,.060,University of Georgia,0.1,10
1,LAC,-8.9,37,2.4,3,1.0,0.1,24,.308,-0.2,57,5.0,.714,119,2011,.393,Trey Thompkins,.004,University of Georgia,0.0,24
8,CLE,-0.6,4,9.2,504,8.6,0.9,4816,.000,5.5,5155,27.8,.610,15651,2011,.519,Tristan Thompson,.123,University of Texas at Austin,40.0,562
2,SAC,-6.4,35,1.2,9,1.0,0.4,24,.200,-0.1,28,5.0,.714,120,2011,.314,Tyler Honeycutt,-.049,"University of California, Los Angeles",-0.1,24
1,DET,-0.6,52,2.0,5,1.5,0.2,34,,0.0,46,5.9,.571,135,2011,.543,Vernon Macklin,.161,University of Florida,0.5,23
,SAS,,59,,,,,,,,,,,,2011,,Ádám Hanga,,,,
7,DET,1.8,9,14.1,626,13.7,1.2,7424,.147,15.9,7661,30.8,.448,16711,2012,.543,Andre Drummond,.162,University of Connecticut,56.4,542
5,ORL,-5.3,19,6.0,126,3.0,0.4,857,.321,-3.4,1700,14.3,.773,4080,2012,.467,Andrew Nicholson,.045,St. Bonaventure University,3.8,285
7,NOH,4.8,1,23.7,982,10.5,2.1,4906,.314,27.6,11059,34.6,.795,16108,2012,.517,Anthony Davis,.214,University of Kentucky,72.0,466
2,MIA,-3.0,27,3.6,12,3.1,0.2,180,,-0.2,210,12.4,.667,729,2012,.547,Arnett Moultrie,.113,Mississippi State University,1.7,59
7,NOH,-2.8,10,9.2,1154,2.0,2.4,988,.347,-2.3,4457,24.6,.637,11923,2012,.417,Austin Rivers,.036,Duke University,9.1,484
3,CLE,-1.1,33,2.2,13,2.3,0.1,212,.000,0.2,203,8.3,.680,761,2012,.497,Bernard James,.117,Florida State University,1.9,92
7,WAS,1.0,3,19.8,1824,3.9,3.7,1927,.384,12.6,9684,34.4,.798,16779,2012,.452,Bradley Beal,.104,University of Florida,36.4,488
7,POR,4.0,6,23.5,3479,4.2,6.3,2289,.368,29.9,12909,36.3,.889,19907,2012,.434,Damian Lillard,.169,Weber State University,70.3,549
2,DAL,-23.2,55,0.0,2,0.9,0.3,6,.000,-0.1,0,3.0,.000,21,2012,.000,Darius Johnson-Odom,-.597,Marquette University,-0.3,7
5,NOH,-1.7,46,6.0,346,1.7,1.4,423,.382,0.4,1524,20.4,.830,5161,2012,.418,Darius Miller,.055,University of Kentucky,5.9,253
7,CLE,-2.5,4,13.2,1143,2.7,2.8,1084,.347,-1.6,5394,28.4,.692,11628,2012,.412,Dion Waiters,.036,Syracuse University,8.7,409
2,MIL,-5.9,42,3.5,75,1.0,0.8,95,.394,-1.2,345,12.7,.700,1272,2012,.381,Doron Lamb,.005,University of Kentucky,0.1,100
7,GSW,3.7,35,9.1,2589,6.9,4.9,3700,.323,21.5,4825,28.1,.706,14979,2012,.439,Draymond Green,.139,Michigan State University,43.3,533
7,DEN,-1.0,20,13.5,1151,2.8,2.5,1262,.371,3.1,6157,28.0,.805,12782,2012,.446,Evan Fournier,.073,,19.4,457
1,BOS,-5.8,22,1.2,0,0.5,0.0,3,,0.0,7,6.0,.250,36,2012,.500,Fab Melo,.021,Syracuse University,0.0,6
3,GSW,-1.1,30,4.2,63,4.3,0.4,725,,0.6,712,14.1,.557,2394,2012,.513,Festus Ezeli,.119,Vanderbilt University,5.9,170
1,LAC,-0.7,53,2.3,28,4.3,0.7,176,.000,0.2,93,13.2,.481,540,2012,.513,Furkan Aldemir,.122,,1.4,41
7,GSW,-1.4,7,13.6,830,4.9,1.5,2645,.374,2.6,7322,30.7,.795,16592,2012,.446,Harrison Barnes,.086,University of North Carolina,29.7,540
7,CLE,0.6,34,9.5,770,3.9,1.4,2121,.339,8.8,5137,24.2,.778,13153,2012,.423,Jae Crowder,.105,Marquette University,28.7,543
4,CLE,-5.9,24,2.3,39,0.7,0.5,56,.306,-0.6,197,7.2,.674,605,2012,.347,Jared Cunningham,.017,Oregon State University,0.2,84
5,BOS,0.5,21,10.8,477,7.5,1.8,2006,.272,4.1,2893,24.3,.723,6532,2012,.436,Jared Sullinger,.113,Ohio State University,15.3,269
3,CHA,-3.9,31,6.1,107,2.0,0.8,263,.319,-1.2,807,19.4,.665,2566,2012,.409,Jeffery Taylor,.024,Vanderbilt University,1.3,132
7,HOU,-0.5,12,10.2,674,3.7,1.5,1588,.339,3.4,4455,20.5,.853,8905,2012,.443,Jeremy Lamb,.112,University of Connecticut,20.8,435
7,MIL,0.5,14,7.8,442,5.4,1.1,2206,.273,5.1,3162,20.1,.572,8152,2012,.539,John Henson,.114,University of North Carolina,19.3,405
6,ATL,-3.8,23,5.0,138,1.5,0.8,250,.367,-1.0,855,12.8,.847,2183,2012,.441,John Jenkins,.065,Vanderbilt University,3.0,171
3,PHI,-0.3,45,6.1,91,3.6,0.8,403,.309,0.8,687,17.4,.798,1961,2012,.464,Justin Hamilton,.091,Louisiana State University,3.7,113
4,PHO,-5.6,13,5.0,779,1.6,4.9,253,.370,-2.8,802,19.3,.611,3083,2012,.399,Kendall Marshall,.015,University of North Carolina,1.0,160
1,UTA,-17.6,47,0.9,2,0.2,0.1,4,.200,-0.2,15,3.1,,52,2012,.250,Kevin Murphy,-.272,Tennessee Technological University,-0.3,17
7,DET,0.2,39,15.7,1468,4.4,3.2,2022,.388,8.0,7129,31.7,.870,14429,2012,.451,Khris Middleton,.103,Texas A&M University,31.0,455
1,DET,-4.2,44,2.9,26,0.9,0.6,37,.280,-0.2,119,9.9,.724,407,2012,.375,Kim English,.021,University of Missouri,0.2,41
2,NYK,-2.8,48,3.6,101,2.3,1.5,158,.297,-0.2,249,15.8,.688,1089,2012,.354,Kostas Papanikolaou,.015,,0.3,69
1,BOS,-10.5,51,0.9,1,0.7,0.1,7,.000,-0.1,9,5.4,.625,54,2012,.143,Kris Joseph,-.127,Syracuse University,-0.1,10
7,ORL,1.8,49,5.6,592,4.6,1.3,2050,.209,6.2,2466,14.4,.748,6401,2012,.518,Kyle O'Quinn,.126,Norfolk State University,16.8,443
,SAS,,59,,,,,,,,,,,,2012,,Marcus Denmon,,University of Missouri,,
3,CHI,-8.0,29,2.4,134,1.0,1.5,90,.222,-1.4,217,10.0,.661,909,2012,.343,Marquis Teague,-.045,University of Kentucky,-0.9,91
7,PHI,0.2,15,7.3,437,3.7,0.9,1757,.323,6.2,3491,23.1,.614,10957,2012,.476,Maurice Harkless,.084,St. John's University,19.2,475
7,POR,-1.4,11,5.6,338,3.7,0.9,1470,.385,0.9,2183,15.5,.828,6095,2012,.479,Meyers Leonard,.106,University of Illinois at Urbana-Champaign,13.4,393
7,CHA,-1.1,2,8.8,501,5.6,1.2,2353,.277,2.4,3690,25.4,.714,10697,2012,.477,Michael Kidd-Gilchrist,.095,University of Kentucky,21.2,421
7,ATL,-2.4,43,7.1,403,3.1,0.9,1359,.364,-0.8,3115,16.3,.755,7123,2012,.464,Mike Scott,.089,University of Virginia,13.3,436
7,IND,-1.6,26,4.9,178,4.5,0.5,1562,,0.5,1697,16.4,.543,5658,2012,.542,Miles Plumlee,.090,Duke University,10.6,346
2,GSW,-2.5,52,0.9,8,1.0,0.2,38,,0.0,35,4.4,.600,164,2012,.520,Ognjen Kuzmić,.061,,0.2,37
3,SAC,-3.8,36,3.2,69,1.7,0.7,180,.311,-0.5,329,10.8,.727,1112,2012,.358,Orlando Johnson,.059,"University of California, Santa Barbara",1.4,103
3,OKC,-4.6,28,3.4,54,1.8,0.4,252,.293,-1.1,488,11.7,.660,1675,2012,.420,Perry Jones,.048,Baylor University,1.7,143
7,TOR,-1.8,37,4.9,217,3.5,0.6,1179,.350,0.2,1642,16.0,.759,5392,2012,.444,Quincy Acy,.078,Baylor University,8.7,337
3,DEN,-4.0,38,4.3,37,2.4,0.5,169,.292,-0.5,295,13.5,.706,934,2012,.350,Quincy Miller,-.003,Baylor University,-0.1,69
2,MIN,-2.9,58,3.9,50,2.7,0.5,266,.343,-0.3,379,14.3,.867,1397,2012,.418,Robbie Hummel,.066,Purdue University,1.9,98
4,LAL,-3.1,60,4.2,126,3.1,0.7,593,.000,-0.8,787,14.5,.671,2745,2012,.436,Robert Sacre,.042,Gonzaga University,2.4,189
1,HOU,-10.4,16,0.0,0,0.0,0.0,0,,0.0,0,3.0,,9,2012,.000,Royce White,-.121,Iowa State University,0.0,3
6,HOU,0.1,18,10.4,238,5.7,1.0,1334,.297,3.0,2431,23.8,.621,5562,2012,.501,Terrence Jones,.127,University of Kentucky,14.7,234
7,TOR,-0.8,8,10.5,535,2.8,1.1,1366,.374,3.5,5163,24.3,.819,11942,2012,.423,Terrence Ross,.077,University of Washington,19.2,492
5,SAC,-3.2,5,4.9,190,4.8,0.6,1507,.000,-1.3,1528,13.4,.505,4204,2012,.470,Thomas Robinson,.053,University of Kansas,4.6,313
,TOR,,56,,,,,,,,,,,,2012,,Tomislav Zubčić,,,,
3,WAS,-0.3,32,6.6,777,2.8,3.7,595,.400,1.9,1387,21.6,.792,4526,2012,.489,Tomáš Satoranský,.109,,10.3,210
4,MEM,-4.1,25,11.1,437,2.5,3.0,363,.231,-1.6,1604,21.2,.647,3076,2012,.413,Tony Wroten,-.021,University of Washington,-1.3,145
2,PHI,-6.6,54,1.3,17,0.9,0.4,39,.125,-0.3,59,5.5,.500,247,2012,.451,Tornike Shengelia,-.032,,-0.2,45
7,DAL,-1.6,17,7.0,367,4.4,0.9,1816,.286,0.8,2871,17.6,.764,7250,2012,.509,Tyler Zeller,.113,University of North Carolina,17.1,412
2,POR,-8.8,41,2.9,57,0.5,0.9,33,.360,-0.8,174,8.0,.684,491,2012,.354,Tyshawn Taylor,-.088,University of Kansas,-0.9,61
7,POR,-0.7,40,10.5,1036,3.9,2.4,1724,.341,3.4,4618,23.3,.788,10194,2012,.431,Will Barton,.077,University of Memphis,16.4,438
,NJN,,57,,,,,,,,,,,,2012,,İlkan Karaman,,,,
,DEN,,50,,,,,,,,,,,,2012,,İzzet Türkyılmaz,,,,
6,PHO,-1.6,5,7.9,345,6.3,0.8,2599,.349,0.8,3275,19.9,.695,8200,2013,.487,Alex Len,.091,University of Maryland,15.6,412
,PHO,,57,,,,,,,,,,,,2013,,Alex Oriakhi,,University of Missouri,,
6,CLE,-1.0,31,9.5,401,2.9,1.2,996,.393,2.0,3281,24.6,.835,8472,2013,.429,Allen Crabbe,.078,University of California,13.8,344
5,MIN,0.6,26,4.6,257,4.0,0.9,1188,.257,4.4,1356,22.5,.467,6651,2013,.482,Andre Roberson,.092,University of Colorado,12.7,295
4,CLE,-5.6,1,4.4,77,3.1,0.5,472,.261,-1.7,658,12.6,.670,1905,2013,.392,Anthony Bennett,.013,"University of Nevada, Las Vegas",0.5,151
4,OKC,-4.2,29,6.3,206,2.0,1.2,331,.236,-1.3,1040,14.5,.700,2396,2013,.429,Archie Goodwin,.022,University of Kentucky,1.1,165
,WAS,,54,,,,,,,,,,,,2013,,Arsalan Kazemi,,University of Oregon,,
6,SAC,-2.8,7,8.8,407,2.5,1.1,909,.353,-1.7,3239,23.7,.783,8725,2013,.417,Ben McLemore,.025,University of Kansas,4.6,368
,MIN,,59,,,,,,,,,,,,2013,,Bojan Dubljević,,,,
6,POR,0.3,10,17.8,1196,3.1,2.9,1290,.401,7.0,7328,30.0,.839,12323,2013,.455,CJ McCollum,.109,Lehigh University,27.9,411
1,CLE,-4.7,33,2.7,4,0.9,0.6,6,.400,0.0,19,5.4,.750,38,2013,.500,Carrick Felix,.057,Arizona State University,0.0,7
6,CHA,0.8,4,8.2,495,5.8,1.4,2085,.263,5.9,2969,22.9,.740,8272,2013,.511,Cody Zeller,.140,Indiana University,24.1,361
,IND,,53,,,,,,,,,,,,2013,,Colton Iverson,,Colorado State University,,
6,ATL,-2.0,17,13.4,1998,2.7,4.6,1168,.325,0.0,5769,24.7,.825,10655,2013,.430,Dennis Schröder,.059,,13.1,431
,SAS,,58,,,,,,,,,,,,2013,,Deshaun Thomas,,Ohio State University,,
2,UTA,-5.1,46,3.1,42,0.7,0.8,37,.288,-0.3,159,8.7,.857,452,2013,.377,Erick Green,.011,Virginia Polytechnic Institute and State University,0.1,52
1,CHI,-8.1,49,0.3,2,0.3,0.1,8,.000,-0.1,6,2.6,,62,2013,.231,Erik Murphy,-.055,University of Florida,-0.1,24
6,MIL,4.5,15,18.8,1921,8.3,4.1,3844,.277,24.8,8745,32.7,.742,15220,2013,.521,Giannis Antetokounmpo,.168,,53.2,465
2,PHI,-7.3,35,2.7,9,1.5,0.6,24,.250,-0.2,43,9.5,.692,152,2013,.269,Glen Rice,-.065,Georgia Institute of Technology,-0.2,16
6,UTA,1.6,21,8.0,629,6.2,1.4,2812,.332,9.2,3594,22.7,.790,10248,2013,.505,Gorgui Dieng,.114,University of Louisville,24.4,452
1,POR,-8.4,40,2.0,3,1.1,0.4,9,.067,-0.1,16,6.4,1.000,51,2013,.269,Grant Jerrett,-.128,University of Arizona,-0.1,8
6,HOU,-3.0,34,8.1,454,1.9,1.9,438,.351,-1.3,1913,20.4,.836,4799,2013,.371,Isaiah Canaan,.043,Murray State University,4.3,235
2,MEM,-5.4,41,1.8,9,1.0,0.4,25,.462,-0.1,42,7.3,1.000,174,2013,.415,Jamaal Franklin,-.006,San Diego State University,0.0,24
5,ATL,-0.6,50,6.5,245,3.2,0.9,883,.357,2.0,1801,20.6,.793,5715,2013,.457,James Ennis,.098,"California State University, Long Beach",11.7,278
5,POR,0.6,39,3.2,64,2.5,0.3,518,.143,1.4,666,10.1,.716,2072,2013,.525,Jeff Withey,.157,University of Kansas,6.8,206
4,MEM,-2.6,55,5.6,180,3.8,0.9,789,.285,-0.4,1159,13.6,.719,2823,2013,.479,Joffrey Lauvergne,.089,,5.2,208
,MEM,,60,,,,,,,,,,,,2013,,Jānis Timma,,,,
6,DAL,1.4,13,9.9,818,4.9,1.9,2116,.367,8.1,4287,21.6,.765,9347,2013,.478,Kelly Olynyk,.128,Gonzaga University,24.9,433
6,DET,0.1,8,11.9,767,3.3,1.6,1566,.345,7.2,5595,29.7,.799,13981,2013,.412,Kentavious Caldwell-Pope,.082,University of Georgia,23.8,470
,SAS,,28,,,,,,,,,,,,2013,,Livio Jean-Charles,,,,
5,MIN,-4.1,52,2.8,183,1.5,1.8,151,.170,-0.6,293,11.5,.707,1185,2013,.364,Lorenzo Brown,-.007,North Carolina State University,-0.2,103
4,BOS,4.8,16,3.2,72,2.8,0.5,388,.265,3.0,446,12.4,.640,1754,2013,.632,Lucas Nogueira,.165,,6.0,141
,POR,,45,,,,,,,,,,,,2013,,Marko Todorović,,,,
6,BRK,2.4,22,8.5,1029,6.3,2.2,2977,.074,11.6,3989,22.1,.565,10420,2013,.570,Mason Plumlee,.143,Duke University,31.0,471
6,PHI,-0.7,11,10.9,1463,4.5,4.6,1427,.251,2.7,3426,26.2,.702,8265,2013,.401,Michael Carter-Williams,.030,Syracuse University,5.2,315
6,DAL,0.0,44,5.7,288,3.3,0.9,1002,.365,2.5,1757,15.9,.841,4885,2013,.468,Mike Muscala,.117,Bucknell University,11.9,307
3,WAS,-4.0,38,5.5,209,2.2,2.5,185,.261,-0.8,461,18.8,.635,1575,2013,.423,Nate Wolters,.028,South Dakota State University,0.9,84
1,PHO,-10.6,30,1.1,13,0.6,0.5,15,.167,-0.3,26,5.9,.875,142,2013,.205,Nemanja Nedović,-.132,,-0.4,24
5,NOH,1.6,6,8.2,365,6.5,1.2,1940,.250,6.3,2445,22.8,.631,6850,2013,.523,Nerlens Noel,.117,University of Kentucky,16.6,300
6,WAS,2.0,3,11.0,593,5.0,1.5,1989,.405,10.7,4383,26.9,.793,10747,2013,.483,Otto Porter,.130,Georgetown University,29.1,399
1,DET,-7.3,56,2.3,34,0.6,1.4,14,.280,-0.3,54,9.3,.733,224,2013,.316,Peyton Siva,-.032,University of Louisville,-0.2,24
1,PHI,-4.4,42,4.4,19,1.1,2.4,9,.273,-0.1,35,10.5,.857,84,2013,.333,Pierre Jackson,.021,Baylor University,0.0,8
4,ATL,-2.1,47,4.8,376,1.3,1.9,261,.377,-0.1,955,14.2,.776,2817,2013,.443,Raul Neto,.078,,4.6,199
3,SAC,-2.8,36,6.0,368,2.0,2.4,306,.335,-0.6,920,18.2,.711,2808,2013,.408,Ray McCallum,.035,University of Detroit Mercy,2.1,154
6,LAC,-0.7,25,6.8,300,2.1,1.1,563,.392,1.7,1856,19.3,.828,5240,2013,.434,Reggie Bullock,.089,University of North Carolina,9.7,272
2,MIL,-7.8,43,3.9,21,1.4,0.8,38,.371,-0.4,109,9.9,.769,277,2013,.336,Ricky Ledo,-.096,Providence College,-0.6,28
,ORL,,51,,,,,,,,,,,,2013,,Romero Osby,,University of Oklahoma,,
6,DEN,5.1,27,11.1,545,10.5,1.3,4275,.000,21.0,4524,28.7,.631,11661,2013,.629,Rudy Gobert,.218,,52.8,406
4,LAL,-2.2,48,6.0,215,3.1,1.3,504,.316,-0.2,981,19.2,.797,3125,2013,.378,Ryan Kelly,.046,Duke University,3.0,163
3,CLE,-3.1,19,3.0,87,1.5,0.9,140,.282,-0.3,287,11.7,.842,1110,2013,.395,Sergey Karasev,.036,,0.8,95
5,UTA,-4.1,14,9.0,151,2.8,0.5,770,.319,-2.5,2504,17.2,.751,4772,2013,.473,Shabazz Muhammad,.085,"University of California, Los Angeles",8.5,278
4,ATL,-2.5,18,5.5,737,1.9,2.9,490,.336,-0.6,1399,19.1,.777,4880,2013,.422,Shane Larkin,.044,University of Miami,4.4,256
6,IND,-0.7,23,5.9,471,3.3,1.5,997,.329,2.3,1805,22.7,.809,6912,2013,.395,Solomon Hill,.064,University of Arizona,9.2,305
6,OKC,1.7,12,9.7,469,7.4,1.0,3446,.000,11.8,4507,26.8,.553,12527,2013,.588,Steven Adams,.148,University of Pittsburgh,38.7,467
6,NYK,-1.8,24,13.1,740,2.6,1.8,1033,.343,0.6,5267,26.1,.816,10516,2013,.418,Tim Hardaway,.069,University of Michigan,15.1,403
1,DET,1.3,37,1.0,2,1.2,0.1,26,1.000,0.1,22,3.8,.579,79,2013,.417,Tony Mitchell,.151,University of North Texas,0.2,21
6,CHI,-1.9,20,6.2,455,2.4,1.0,1045,.382,0.3,2762,21.8,.819,9637,2013,.425,Tony Snell,.067,University of New Mexico,13.5,442
6,MIN,-2.2,9,10.9,1301,2.1,3.6,741,.340,-0.4,3924,23.6,.800,8529,2013,.408,Trey Burke,.058,University of Michigan,10.2,361
6,ORL,1.1,2,17.5,1589,4.6,4.0,1859,.352,10.4,7028,33.2,.793,13360,2013,.443,Victor Oladipo,.087,Indiana University,24.2,402
3,OKC,-2.6,32,5.3,88,1.4,0.5,248,.368,-0.4,924,16.0,.880,2777,2013,.387,Álex Abrines,.086,,5.0,174
5,ORL,0.2,4,12.5,736,6.2,2.2,2112,.321,5.3,4249,27.9,.707,9500,2014,.450,Aaron Gordon,.091,University of Arizona,18.0,341
4,ATL,-5.5,15,4.0,66,2.9,0.6,315,.254,-1.2,429,13.1,.680,1403,2014,.406,Adreian Payne,-.019,Michigan State University,-0.6,107
,PHO,,50,,,,,,,,,,,,2014,,Alec Brown,,University of Wisconsin-Green Bay,,
,MIN,,53,,,,,,,,,,,,2014,,Alessandro Gentile,,,,
5,CLE,-2.5,1,19.4,867,4.3,2.2,1703,.332,-1.8,7768,36.0,.735,14384,2014,.440,Andrew Wiggins,.044,University of Kansas,13.0,400
2,PHO,-0.9,27,12.9,525,3.1,3.5,466,.375,1.2,1907,27.9,.833,4122,2014,.431,Bogdan Bogdanović,.065,,5.6,148
5,TOR,-1.3,20,4.9,59,2.8,0.9,194,.344,0.2,335,14.7,.839,1013,2014,.392,Bruno Caboclo,.054,,1.1,69
3,LAC,-5.2,28,2.0,30,0.5,0.5,31,.333,-0.3,132,5.7,.813,376,2014,.370,C.J. Wilcox,.007,University of Washington,0.1,66
2,CHI,-7.7,49,1.2,7,1.0,0.2,36,.200,-0.2,44,4.6,.846,167,2014,.296,Cameron Bairstow,-.021,University of New Mexico,-0.1,36
2,NYK,-5.7,34,4.3,42,2.2,0.8,123,.263,-0.8,241,14.3,.750,801,2014,.346,Cleanthony Early,-.039,Wichita State University,-0.6,56
5,HOU,1.9,25,12.0,276,9.2,0.9,2706,.000,7.3,3532,25.1,.525,7395,2014,.635,Clint Capela,.204,,31.4,295
2,SAS,-4.6,60,3.5,16,2.8,0.3,161,.125,-0.4,205,10.0,.583,581,2014,.444,Cory Jefferson,.071,Baylor University,0.9,58
1,MIL,-6.4,31,1.8,10,1.6,0.5,31,.231,-0.2,36,7.8,.875,156,2014,.351,Damien Inglis,-.024,,-0.1,20
4,UTA,-3.3,5,5.9,462,1.8,2.3,357,.304,-1.3,1207,19.3,.770,3944,2014,.400,Dante Exum,.033,,2.7,204
3,ORL,-0.6,12,12.7,511,6.2,2.1,1490,.358,2.3,3039,26.9,.835,6462,2014,.433,Dario Šarić,.083,,11.2,240
,TOR,,37,,,,,,,,,,,,2014,,DeAndre Daniels,,University of Connecticut,,
2,DEN,-5.0,56,2.2,29,1.6,0.7,69,.222,-0.3,97,10.4,.375,457,2014,.304,Devyn Marble,-.028,University of Iowa,-0.3,44
5,DEN,-3.0,11,7.8,269,2.1,0.8,726,.404,-1.8,2659,19.9,.825,6798,2014,.459,Doug McDermott,.075,Creighton University,10.6,341
5,CHH,2.1,45,7.5,305,4.5,0.9,1484,.298,6.1,2491,17.8,.750,5895,2014,.553,Dwight Powell,.182,Stanford University,22.4,331
2,ATL,-0.6,43,2.5,4,2.5,0.3,32,,0.0,33,7.8,.273,101,2014,.625,Edy Tavares,.118,,0.2,13
5,PHI,-0.3,10,11.1,2243,4.4,6.6,1491,.302,4.2,3798,29.5,.630,10104,2014,.454,Elfrid Payton,.063,University of Louisiana at Lafayette,13.3,342
5,CHI,-0.1,19,12.4,661,2.6,2.1,798,.365,4.3,3878,28.5,.802,8883,2014,.460,Gary Harris,.086,Michigan State University,16.0,312
5,MIN,-2.6,40,4.4,122,2.1,0.6,461,.361,-0.5,956,14.4,.726,3144,2014,.439,Glenn Robinson,.072,University of Michigan,4.7,219
5,MIL,-1.5,2,15.1,525,5.7,2.1,1419,.337,0.9,3724,29.7,.739,7341,2014,.491,Jabari Parker,.076,Duke University,11.6,247
4,BOS,-4.0,17,2.3,28,1.0,0.3,96,.277,-0.4,219,8.5,.563,812,2014,.367,James Young,.046,University of Kentucky,0.8,95
3,UTA,1.0,35,2.4,7,1.4,0.3,40,,0.1,67,5.4,.531,151,2014,.581,Jarnell Stokes,.202,University of Tennessee,0.6,28
5,PHI,-1.1,39,8.8,396,3.9,1.0,1500,.334,2.0,3369,24.1,.654,9233,2014,.461,Jerami Grant,.095,Syracuse University,18.2,383
5,CLE,-0.5,33,9.4,391,2.8,1.5,742,.427,2.2,2454,22.6,.797,5914,2014,.475,Joe Harris,.085,University of Virginia,10.4,262
3,PHI,3.3,3,24.3,499,11.4,3.2,1804,.315,6.5,3833,30.7,.788,4852,2014,.481,Joel Embiid,.166,University of Kansas,16.8,158
4,MIL,-6.4,36,3.5,69,2.4,0.5,352,.360,-1.9,509,11.5,.663,1684,2014,.402,Johnny O'Bryant,.006,Louisiana State University,0.2,147
2,MEM,-0.5,22,3.2,19,0.9,0.6,30,.385,0.1,101,8.2,.607,263,2014,.402,Jordan Adams,.070,"University of California, Los Angeles",0.4,32
5,WAS,-1.8,46,14.7,1028,3.2,2.7,1237,.335,0.6,5621,27.6,.815,10527,2014,.445,Jordan Clarkson,.048,University of Missouri,10.5,382
3,SAS,-5.0,58,4.9,74,1.2,0.9,101,.352,-0.7,420,10.6,.784,912,2014,.427,Jordan McRae,.051,University of Tennessee,1.0,86
3,OKC,-3.8,29,2.5,23,2.4,0.3,180,.312,-0.5,187,14.1,.240,1068,2014,.346,Josh Huestis,.030,Stanford University,0.7,76
5,LAL,-0.4,7,15.4,847,8.9,2.7,2753,.307,3.6,4784,28.5,.722,8854,2014,.502,Julius Randle,.096,University of Kentucky,17.8,311
5,CHI,1.3,16,11.6,589,8.0,1.9,2480,.071,5.9,3608,22.9,.666,7103,2014,.491,Jusuf Nurkić,.111,,16.4,310
3,PHI,-3.3,32,5.3,95,2.2,0.6,324,.290,-0.7,782,14.1,.776,2092,2014,.412,K.J. McDaniels,.030,Clemson University,1.3,148
5,SAS,2.1,30,5.3,572,3.9,1.9,1171,.324,6.1,1601,19.6,.706,5882,2014,.492,Kyle Anderson,.125,"University of California, Los Angeles",15.4,300
2,MIL,-5.5,48,2.3,45,1.4,1.1,57,.236,-0.4,93,10.9,.720,435,2014,.326,Lamar Patterson,.006,University of Pittsburgh,0.1,40
,IND,,57,,,,,,,,,,,,2014,,Louis Labeyrie,,,,
5,BOS,0.6,6,9.3,1337,3.5,3.9,1205,.310,6.4,3174,28.4,.764,9688,2014,.372,Marcus Smart,.080,Oklahoma State University,16.2,341
3,MIN,-2.8,44,5.2,132,2.1,1.2,234,.295,-0.4,584,15.9,.781,1794,2014,.380,Markel Brown,.029,Oklahoma State University,1.1,113
2,OKC,-3.1,21,4.4,17,3.5,0.3,183,.000,-0.2,227,10.7,.580,557,2014,.527,Mitch McGary,.108,University of Michigan,1.3,52
,PHI,,54,,,,,,,,,,,,2014,,Nemanja Dangubić,,,,
1,HOU,-7.3,42,2.6,11,1.4,0.4,39,.238,-0.3,74,9.4,.680,262,2014,.347,Nick Johnson,-.020,University of Arizona,-0.1,28
5,SAC,-3.2,8,6.8,513,2.1,1.5,688,.353,-2.1,2272,19.9,.814,6662,2014,.389,Nik Stauskas,.028,University of Michigan,3.8,335
4,DEN,7.6,41,16.3,1586,9.6,5.1,2946,.345,21.2,5006,28.3,.828,8718,2014,.523,Nikola Jokić,.214,,38.9,308
5,CHH,-2.6,9,5.1,228,5.4,0.8,1617,.316,-0.8,1528,17.7,.683,5295,2014,.453,Noah Vonleh,.075,Indiana University,8.3,299
2,MIA,-3.9,26,6.0,59,2.4,0.5,266,.295,-1.0,664,18.0,.810,2000,2014,.343,P.J. Hairston,.021,University of North Carolina,0.9,111
5,UTA,-1.0,23,12.6,613,2.8,1.9,908,.367,2.2,4017,27.2,.841,8707,2014,.422,Rodney Hood,.088,Duke University,16.0,320
2,PHI,-6.4,47,2.0,19,0.6,0.7,15,.188,-0.1,53,4.9,.769,131,2014,.319,Russ Smith,-.068,University of Louisville,-0.2,27
1,MIA,-6.3,55,2.9,130,1.4,2.0,87,.190,-1.1,183,15.2,.548,973,2014,.345,Semaj Christon,.006,Xavier University,0.1,64
5,CHH,-1.5,24,6.4,587,1.7,2.0,499,.354,0.5,1855,16.1,.812,4642,2014,.393,Shabazz Napier,.066,University of Connecticut,6.4,289
5,DET,-0.6,38,11.0,1146,2.6,4.5,654,.323,2.1,2785,24.4,.801,6168,2014,.408,Spencer Dinwiddie,.105,University of Colorado,13.5,253
5,PHO,-1.3,14,14.4,293,4.1,1.1,1078,.340,1.3,3754,27.7,.766,7234,2014,.497,T.J. Warren,.086,North Carolina State University,13.0,261
1,NYK,-4.1,51,3.0,0,0.5,0.0,1,.000,0.0,6,3.0,,6,2014,.750,Thanasis Antetokounmpo,.291,,0.0,2
4,PHO,-4.6,18,4.2,359,1.3,1.9,250,.317,-1.5,779,12.6,.768,2336,2014,.419,Tyler Ennis,.026,Syracuse University,1.3,186
,PHI,,52,,,,,,,,,,,,2014,,Vasilije Micić,,,,
,TOR,,59,,,,,,,,,,,,2014,,Xavier Thames,,San Diego State University,,
5,MIN,-1.6,13,16.1,1021,3.4,3.5,990,.373,0.9,4710,29.9,.824,8772,2014,.446,Zach LaVine,.044,"University of California, Los Angeles",8.0,293
,WAS,,49,,,,,,,,,,,,2015,,Aaron White,,University of Iowa,,
3,PHO,-2.7,44,7.0,399,2.0,2.8,287,.294,-0.5,1012,20.6,.779,2987,2015,.373,Andrew Harrison,.051,University of Kentucky,3.2,145
3,LAL,-4.8,34,3.9,28,2.5,0.7,103,.286,-0.5,161,18.6,.850,762,2015,.328,Anthony Brown,-.016,Stanford University,-0.2,41
,PHI,,47,,,,,,,,,,,,2015,,Artūras Gudaitis,,,,
4,CHI,-2.0,22,10.2,282,6.2,1.1,1534,.361,0.0,2547,20.3,.751,5044,2015,.458,Bobby Portis,.085,University of Arkansas,9.0,249
1,NOP,-6.6,56,0.8,0,0.7,0.0,4,,0.0,5,4.8,1.000,29,2015,.400,Branden Dawson,.069,Michigan State University,0.0,6
,SAS,,55,,,,,,,,,,,,2015,,Cady Lalanne,,University of Massachusetts Amherst,,
4,OKC,-2.9,14,6.0,382,1.8,2.5,274,.331,-0.6,914,16.0,.775,2454,2015,.397,Cameron Payne,.044,Murray State University,2.2,153
2,MIN,-2.3,31,9.0,236,3.5,1.7,477,.351,-0.2,1229,22.7,.736,3116,2015,.437,Cedi Osman,.036,,2.4,137
3,BRK,-2.3,29,3.3,15,1.9,0.3,112,.306,0.0,194,9.0,.548,532,2015,.426,Chris McCullough,.054,Syracuse University,0.6,59
4,LAL,0.4,2,16.5,1381,3.7,5.1,999,.353,4.6,4493,28.5,.762,7752,2015,.419,D'Angelo Russell,.041,Ohio State University,6.6,272
1,OKC,0.3,48,1.8,8,1.1,0.3,34,,0.1,55,5.2,.550,161,2015,.564,Dakari Johnson,.178,University of Kentucky,0.6,31
,UTA,,54,,,,,,,,,,,,2015,,Dani Díez de la Faya,,,,
3,DET,-5.1,38,3.2,71,0.9,0.8,85,.304,-0.7,295,9.4,.747,859,2015,.377,Darrun Hilliard,.016,Villanova University,0.3,91
4,TOR,1.8,20,7.4,536,2.8,2.7,549,.332,3.6,1461,19.2,.796,3807,2015,.445,Delon Wright,.132,University of Utah,10.5,198
4,PHO,-1.1,13,21.4,1154,3.5,4.2,945,.354,2.0,5820,32.9,.854,8945,2015,.437,Devin Booker,.053,University of Kentucky,9.8,272
,ATL,,59,,,,,,,,,,,,2015,,Dimitrios Agravanis,,,,
4,DEN,-3.8,7,11.8,1023,3.1,4.2,758,.320,-2.8,2901,25.7,.742,6326,2015,.393,Emmanuel Mudiay,-.009,,-1.2,246
4,CHO,-1.2,9,9.8,452,4.0,1.6,1122,.349,1.3,2758,22.2,.760,6252,2015,.419,Frank Kaminsky,.084,University of Wisconsin,11.0,282
,PHI,,58,,,,,,,,,,,,2015,,J.P. Tokoto,,University of North Carolina,,
4,PHI,-3.5,3,11.5,175,5.1,0.9,976,.200,-1.5,2178,21.1,.679,4013,2015,.530,Jahlil Okafor,.063,Duke University,5.3,190
4,MEM,-3.8,25,5.4,114,3.5,0.6,639,.346,-1.3,998,15.9,.766,2927,2015,.434,Jarell Martin,.053,Louisiana State University,3.2,184
4,WAS,-2.0,19,6.1,796,1.9,2.9,524,.324,0.0,1665,18.0,.771,4918,2015,.412,Jerian Grant,.081,University of Notre Dame,8.3,273
3,IND,-5.3,43,3.4,119,1.0,0.9,130,.296,-0.9,429,8.5,.768,1077,2015,.393,Joe Young,.016,University of Oregon,0.4,127
3,BOS,-4.8,33,2.4,17,2.0,0.3,128,.118,-0.3,152,7.5,.605,482,2015,.449,Jordan Mickey,.050,Louisiana State University,0.5,64
4,MIA,0.8,40,12.1,742,3.2,2.9,823,.368,5.6,3134,30.7,.821,7949,2015,.425,Josh Richardson,.095,University of Tennessee,15.7,259
,CHO,,39,,,,,,,,,,,,2015,,Juan Pablo Vaulet,,,,
4,DAL,-1.8,21,5.3,143,2.6,0.7,554,.302,0.1,1154,13.2,.778,2857,2015,.419,Justin Anderson,.079,University of Virginia,4.7,216
4,MIA,-0.8,10,8.9,613,5.3,2.7,1222,.343,2.0,2057,28.2,.644,6496,2015,.419,Justise Winslow,.057,Duke University,7.8,230
4,MIN,5.0,1,22.3,839,11.9,2.6,3831,.392,19.6,7187,34.4,.836,11120,2015,.537,Karl-Anthony Towns,.196,University of Kentucky,45.4,323
4,ATL,-2.3,15,9.4,242,3.7,0.8,1082,.321,-0.4,2737,22.1,.778,6442,2015,.424,Kelly Oubre,.062,University of Kansas,8.3,292
4,GSW,2.3,30,4.5,194,3.8,1.0,766,.192,3.1,911,14.0,.593,2859,2015,.595,Kevon Looney,.172,"University of California, Los Angeles",10.3,204
3,NYK,-0.1,4,17.8,248,7.1,1.3,1317,.361,2.8,3312,31.0,.804,5764,2015,.437,Kristaps Porziņģis,.100,,12.1,186
4,LAL,2.2,27,7.7,436,6.5,1.7,1685,.295,6.3,1998,22.9,.698,5924,2015,.539,Larry Nance,.133,University of Wyoming,16.4,259
,PHI,,60,,,,,,,,,,,,2015,,Luka Mitrović,,,,
,ATL,,50,,,,,,,,,,,,2015,,Marcus Eriksson,,,,
,BOS,,45,,,,,,,,,,,,2015,,Marcus Thornton,,College of William & Mary,,
4,ORL,-3.0,5,7.3,365,3.0,1.3,842,.321,-1.3,2028,18.9,.811,5236,2015,.417,Mario Hezonja,.022,,2.4,277
4,HOU,2.5,32,11.2,317,4.4,1.2,1125,.156,5.6,2864,19.2,.629,4894,2015,.629,Montrezl Harrell,.188,University of Louisville,19.2,255
4,IND,1.4,11,12.9,349,6.7,1.2,1869,.363,6.8,3604,28.1,.771,7863,2015,.495,Myles Turner,.135,University of Texas at Austin,22.1,280
,SAS,,26,,,,,,,,,,,,2015,,Nikola Milutinov,,,,
,DEN,,57,,,,,,,,,,,,2015,,Nikola Radičević,,,,
4,MIL,-1.4,46,7.1,309,2.1,1.2,538,.345,0.6,1810,16.8,.807,4281,2015,.442,Norman Powell,.082,"University of California, Los Angeles",7.3,255
,UTA,,42,,,,,,,,,,,,2015,,Olivier Hanlan,,Boston College,,
4,BRK,-0.6,41,4.6,251,2.3,1.2,503,.349,1.2,996,14.9,.796,3208,2015,.439,Pat Connaughton,.101,University of Notre Dame,6.8,216
4,BOS,-3.3,28,3.0,19,1.0,0.4,46,.295,-0.1,133,8.8,.818,395,2015,.371,R.J. Hunter,.051,Georgia State University,0.4,45
2,MIN,-4.0,36,2.1,4,1.9,0.1,57,,-0.1,63,7.5,.724,225,2015,.467,Rakeem Christmas,.105,Syracuse University,0.5,30
3,MIL,-5.6,17,3.0,75,1.1,0.5,158,.313,-1.5,423,12.0,.692,1671,2015,.337,Rashad Vaughn,-.017,"University of Nevada, Las Vegas",-0.6,139
4,PHI,1.1,37,7.7,212,4.4,0.9,988,.257,3.0,1729,16.9,.706,3825,2015,.565,Richaun Holmes,.155,Bowling Green State University,12.4,226
4,POR,-1.0,23,9.9,460,5.9,2.0,1375,.223,1.4,2315,23.6,.739,5530,2015,.444,Rondae Hollis-Jefferson,.079,University of Arizona,9.1,234
4,HOU,-1.9,18,5.5,160,3.0,0.8,607,.288,0.1,1094,15.5,.606,3096,2015,.478,Sam Dekker,.083,University of Wisconsin,5.4,200
,DAL,,52,,,,,,,,,,,,2015,,Satnam Singh Bhamara,,,,
,CLE,,53,,,,,,,,,,,,2015,,Sir'Dominic Pointer,,St. John's University,,
4,DET,-2.1,8,7.0,423,3.4,1.5,964,.293,-0.2,1985,21.6,.764,6160,2015,.374,Stanley Johnson,.026,University of Arizona,3.3,285
4,BOS,-0.5,16,7.7,631,3.6,2.3,973,.354,2.0,2090,20.0,.777,5433,2015,.380,Terry Rozier,.088,University of Louisville,9.9,272
4,UTA,-2.4,12,7.6,306,3.9,1.1,1127,.331,-0.6,2198,17.5,.705,5051,2015,.431,Trey Lyles,.077,University of Kentucky,8.1,288
,ORL,,51,,,,,,,,,,,,2015,,Tyler Harvey,,Eastern Washington University,,
4,CLE,-1.3,24,5.1,823,1.5,3.3,380,.333,0.8,1249,17.7,.819,4374,2015,.419,Tyus Jones,.092,Duke University,8.4,247
4,SAC,0.6,6,10.1,483,6.4,1.6,1879,.222,4.7,2971,24.0,.611,7090,2015,.534,Willie Cauley-Stein,.118,University of Kentucky,17.4,295
3,PHI,0.1,35,7.0,189,5.6,1.1,996,.364,1.4,1254,14.8,.696,2631,2015,.530,Willy Hernangómez,.142,,7.8,178
1,DAL,-5.6,46,2.2,4,1.6,0.2,36,.500,-0.1,48,7.4,.450,163,2016,.405,A.J. Hammons,-.001,Purdue University,0.0,22
2,BOS,-5.3,58,3.6,46,1.7,0.4,187,.333,-1.0,387,11.2,.667,1216,2016,.387,Abdel Nader,.030,Iowa State University,0.8,109
2,BOS,-2.6,23,6.4,58,4.2,0.6,380,,-0.2,578,14.2,.708,1296,2016,.583,Ante Žižić,.110,,3.0,91
1,BOS,-26.9,51,0.0,0,0.7,0.0,2,.000,-0.1,0,3.3,,10,2016,.000,Ben Bentil,-.473,Providence College,-0.1,3
2,PHI,4.3,1,16.4,1271,8.5,7.9,1356,.000,8.7,2616,34.0,.583,5432,2016,.554,Ben Simmons,.154,Louisiana State University,17.5,160
3,LAL,-2.7,2,13.9,550,4.7,2.9,897,.329,-1.0,2639,31.7,.662,6014,2016,.458,Brandon Ingram,.036,Duke University,4.5,190
2,LAC,-2.5,25,2.2,3,1.6,0.1,34,.000,0.0,47,5.1,.600,107,2016,.449,Brice Johnson,.062,University of North Carolina,0.1,21
3,NOP,-0.4,6,14.9,481,4.0,2.0,988,.419,2.7,3640,26.8,.874,6527,2016,.446,Buddy Hield,.073,University of Oklahoma,10.0,244
3,IND,-0.6,20,11.1,565,3.6,3.4,599,.329,1.5,1873,24.8,.707,4164,2016,.437,Caris LeVert,.066,University of Michigan,5.8,168
3,LAC,-2.6,33,5.5,56,4.6,0.4,616,.250,-0.2,728,12.6,.747,1676,2016,.585,Cheick Diallo,.142,University of Kansas,5.0,133
2,HOU,-4.1,37,3.0,4,2.3,0.7,14,,0.0,18,12.3,1.000,74,2016,.583,Chinanu Onuaku,.043,University of Louisville,0.1,6
3,GSW,-0.3,30,3.6,30,2.3,0.6,112,,0.2,174,11.9,.577,584,2016,.643,Damian Jones,.129,Vanderbilt University,1.6,49
2,DEN,-5.3,56,2.8,30,2.1,1.2,52,.357,-0.2,69,9.3,.500,232,2016,.394,Daniel Hamilton,.000,University of Connecticut,0.0,25
,NOP,,39,,,,,,,,,,,,2016,,David Michineau,,,,
3,ATL,-2.8,21,6.3,279,3.3,1.9,489,.281,-0.6,924,18.9,.605,2757,2016,.445,DeAndre' Bembry,.014,Saint Joseph's University,0.8,146
2,SAS,0.3,29,6.6,279,4.2,2.3,501,.316,1.2,784,17.4,.708,2065,2016,.441,Dejounte Murray,.074,University of Washington,3.2,119
3,BOS,-2.2,45,1.8,17,0.7,0.7,19,.286,0.0,48,5.2,.667,136,2016,.486,Demetrius Jackson,.087,University of Notre Dame,0.2,26
2,CHI,-1.2,14,8.0,307,4.1,2.3,544,.374,0.6,1074,22.9,.754,3071,2016,.399,Denzel Valentine,.048,Michigan State University,3.1,134
3,BOS,-1.4,31,4.2,47,3.2,0.4,346,.000,0.2,454,12.1,.635,1299,2016,.599,Deyonta Davis,.131,Michigan State University,3.6,107
1,NOP,-24.1,40,1.4,0,0.9,0.0,6,,-0.1,10,3.4,1.000,24,2016,.231,Diamond Stone,-.211,University of Maryland,-0.1,7
3,ORL,-0.3,11,10.4,445,6.8,1.9,1550,.343,2.3,2383,23.1,.722,5280,2016,.513,Domantas Sabonis,.119,Gonzaga University,13.1,229
3,PHO,-3.1,4,5.3,209,3.8,1.2,647,.321,-1.0,907,20.3,.647,3469,2016,.394,Dragan Bender,.002,,0.2,171
2,PHI,-2.7,26,4.9,56,1.9,0.9,118,.323,-0.1,302,12.2,.792,759,2016,.388,Furkan Korkmaz,.070,,1.1,62
3,IND,-2.8,50,2.9,43,1.2,0.5,113,.364,-0.1,265,7.0,.821,641,2016,.434,Georges Niang,.073,Iowa State University,1.0,91
2,PHO,-3.0,13,4.1,29,3.2,0.7,123,.000,-0.1,160,12.2,.857,477,2016,.514,Georgios Papagiannis,.044,,0.4,39
2,BOS,-1.5,16,2.3,31,1.4,0.4,105,.323,0.1,173,6.6,.682,486,2016,.442,Guerschon Yabusele,.105,,1.1,74
3,DET,-6.1,18,4.3,43,2.5,0.6,188,.353,-0.8,325,9.7,.774,734,2016,.377,Henry Ellenson,.022,Marquette University,0.3,76
,SAC,,59,,,,,,,,,,,,2016,,Isaiah Cousins,,University of Oklahoma,,
2,UTA,-4.9,42,7.2,212,2.4,2.4,210,.305,-1.4,643,20.5,.788,1823,2016,.411,Isaiah Whitehead,-.025,Seton Hall University,-0.9,89
,ATL,,44,,,,,,,,,,,,2016,,Isaïa Cordinier,,,,
3,LAL,-1.3,32,6.9,118,4.6,0.8,644,.000,0.4,970,14.7,.761,2059,2016,.540,Ivica Zubac,.124,,5.3,140
3,ORL,-1.7,47,4.6,75,1.8,0.5,257,.302,0.1,653,12.3,.714,1736,2016,.457,Jake Layman,.075,University of Maryland,2.7,141
3,TOR,2.9,9,5.4,162,4.5,0.8,968,.500,4.2,1155,16.1,.560,3423,2016,.643,Jakob Pöltl,.173,University of Utah,12.3,213
3,DEN,-0.7,7,14.8,807,3.5,3.4,828,.362,2.2,3530,28.5,.879,6776,2016,.434,Jamal Murray,.085,University of Kentucky,12.0,238
3,BOS,-1.8,3,11.2,278,4.0,1.3,879,.365,0.3,2496,24.4,.658,5406,2016,.462,Jaylen Brown,.080,University of California,9.0,222
2,UTA,-3.7,52,1.7,2,1.5,0.1,27,.200,0.0,31,5.1,.500,91,2016,.545,Joel Bolomboy,.132,Weber State University,0.3,18
3,DEN,-1.3,15,5.1,96,3.2,0.6,506,.366,0.4,795,15.8,.764,2477,2016,.437,Juan Hernangómez,.100,,5.1,157
2,ATL,-7.7,54,3.8,78,1.0,1.3,59,.268,-0.8,223,9.1,.754,526,2016,.364,Kay Felder,-.041,Oakland University,-0.4,58
3,MIN,-1.3,5,8.6,775,3.3,4.4,574,.323,0.7,1511,24.1,.723,4247,2016,.417,Kris Dunn,.018,Providence College,1.6,176
3,CHO,-6.8,22,2.8,24,1.0,0.3,70,.301,-0.8,198,8.9,.783,625,2016,.358,Malachi Richardson,-.009,Syracuse University,-0.1,70
3,MIL,0.0,36,12.8,674,3.5,3.6,657,.408,2.6,2393,28.1,.895,5250,2016,.484,Malcolm Brogdon,.122,University of Virginia,13.4,187
3,DEN,-1.7,19,7.2,139,1.7,0.8,288,.388,0.2,1196,15.9,.789,2627,2016,.461,Malik Beasley,.092,Florida State University,5.0,165
1,BRK,-6.9,55,2.4,3,0.8,0.6,4,.250,0.0,12,5.6,1.000,28,2016,.286,Marcus Paige,-.006,University of North Carolina,0.0,5
3,SAC,-2.4,8,7.6,165,4.5,0.8,885,.296,-0.4,1491,19.1,.628,3769,2016,.429,Marquese Chriss,.029,University of Washington,2.3,197
1,DET,-10.5,49,0.4,2,0.3,0.2,3,.000,-0.1,4,3.6,1.000,32,2016,.100,Michael Gbinije,-.136,Syracuse University,-0.1,9
3,TOR,2.2,27,10.1,424,5.1,2.0,1098,.309,5.4,2172,23.5,.743,5086,2016,.531,Pascal Siakam,.146,New Mexico State University,15.5,216
3,MIL,-2.3,38,3.7,187,1.5,1.2,230,.299,-0.2,585,15.5,.791,2432,2016,.420,Patrick McCaw,.056,"University of Nevada, Las Vegas",2.8,157
2,CHI,-4.8,48,4.7,82,2.6,0.8,256,.335,-1.2,458,17.0,.769,1667,2016,.371,Paul Zipser,-.001,,0.0,98
,DEN,,53,,,,,,,,,,,,2016,,Petr Cornelie,,,,
,BOS,,35,,,,,,,,,,,,2016,,Rade Zagorac,,,,
3,PHO,-2.5,28,7.6,110,4.3,1.0,493,.375,-0.3,879,17.6,.746,2028,2016,.480,Skal Labissière,.070,University of Kentucky,3.0,115
1,ORL,-7.3,41,1.2,4,1.8,0.2,35,,-0.1,23,5.7,.600,108,2016,.323,Stephen Zimmerman,-.005,"University of Nevada, Las Vegas",0.0,19
3,UTA,-1.4,12,11.4,387,3.8,2.0,745,.380,0.8,2235,25.5,.823,4997,2016,.427,Taurean Waller-Prince,.044,Baylor University,4.6,196
3,MIL,-1.7,10,4.6,114,2.8,0.6,541,.326,0.2,905,14.2,.677,2772,2016,.421,Thon Maker,.083,,4.8,195
3,PHI,-4.5,24,5.7,155,1.9,0.9,318,.320,-1.6,975,15.6,.820,2666,2016,.387,Timothé Luwawu-Cabarrot,.033,,1.8,171
3,PHO,-4.7,34,7.5,537,1.7,4.0,223,.280,-1.9,998,20.9,.808,2782,2016,.403,Tyler Ulis,.008,University of Kentucky,0.5,133
2,UTA,-3.8,60,5.5,113,2.2,1.2,206,.237,-0.7,509,16.1,.674,1479,2016,.435,Tyrone Wallace,.015,University of California,0.5,92
3,MEM,-5.7,17,3.1,78,1.2,1.4,69,.250,-0.5,174,10.3,.776,579,2016,.355,Wade Baldwin,-.028,Vanderbilt University,-0.3,56
,MEM,,57,,,,,,,,,,,,2016,,Wang Zhelin,,,,
2,HOU,-7.1,43,1.3,2,1.2,0.1,22,.105,-0.2,24,6.6,.667,125,2016,.212,Zhou Qi,-.093,,-0.2,19
1,PHO,-3.3,54,4.1,12,1.9,0.6,37,.310,-0.1,82,11.3,.800,225,2017,.378,Alec Peters,.055,Valparaiso University,0.3,20
,BRK,,57,,,,,,,,,,,,2017,,Aleksandar Vezenkov,,,,
,ATL,,60,,,,,,,,,,,,2017,,Alpha Kaba,,,,
,ORL,,25,,,,,,,,,,,,2017,,Anžejs Pasečņiks,,,,
2,MIA,1.8,14,8.0,285,6.5,1.9,978,.136,3.2,1206,21.7,.728,3281,2017,.550,Bam Adebayo,.161,University of Kentucky,11.0,151
2,POR,-6.6,26,2.2,25,2.5,0.5,118,.133,-0.4,104,7.6,.667,367,2017,.372,Caleb Swanigan,-.031,Purdue University,-0.2,48
2,MIL,-1.7,17,4.3,55,3.3,0.8,232,.364,0.1,301,13.6,.551,953,2017,.423,D.J. Wilson,.090,University of Michigan,1.8,70
2,NYK,-2.5,44,8.2,166,3.0,1.4,346,.361,-0.3,961,21.2,.736,2478,2017,.421,Damyean Dotson,.041,University of Oregon,2.1,117
2,PHO,-6.3,32,2.4,16,1.5,0.5,45,.310,-0.3,75,9.3,.667,289,2017,.307,Davon Reed,-.039,University of Miami,-0.2,31
2,SAC,-1.3,5,14.6,910,3.3,5.9,508,.345,0.8,2243,29.7,.725,4572,2017,.439,De'Aaron Fox,.053,University of Kentucky,5.0,154
2,DAL,-2.4,9,14.5,610,3.4,5.0,415,.316,-0.3,1770,29.2,.668,3557,2017,.407,Dennis Smith,-.009,North Carolina State University,-0.7,122
2,SAS,0.9,29,8.5,272,3.3,3.2,273,.361,1.4,717,22.2,.762,1867,2017,.479,Derrick White,.106,University of Colorado,4.1,84
2,HOU,-3.5,45,10.3,151,2.9,1.5,288,.359,-1.0,1033,26.8,.745,2680,2017,.435,Dillon Brooks,.021,University of Oregon,1.2,100
2,DEN,0.8,13,22.1,613,3.9,3.9,612,.351,3.7,3445,33.6,.805,5236,2017,.434,Donovan Mitchell,.094,University of Louisville,10.2,156
2,NOP,-4.6,40,5.1,85,2.2,0.9,213,.377,-1.0,491,15.3,.761,1472,2017,.432,Dwayne Bacon,.034,Florida State University,1.1,96
2,NOP,-3.6,52,2.8,10,1.0,0.4,25,.259,-0.1,68,8.8,.625,212,2017,.354,Edmond Sumner,.024,Xavier University,0.1,24
1,CHO,-5.0,31,8.1,69,2.2,1.1,134,.314,-0.9,495,19.2,.740,1169,2017,.434,Frank Jackson,.018,Duke University,0.4,61
2,SAC,-3.7,34,6.8,231,1.9,2.6,173,.300,-0.6,608,15.8,.773,1419,2017,.392,Frank Mason,.029,University of Kansas,0.9,90
2,NYK,-4.5,8,5.9,371,2.2,3.1,264,.305,-1.7,709,21.6,.735,2610,2017,.354,Frank Ntilikina,-.033,,-1.8,121
1,POR,-2.1,20,7.0,85,3.8,1.5,222,.000,0.0,408,14.1,.637,820,2017,.503,Harry Giles,.056,Duke University,1.0,58
2,IND,-6.8,47,0.9,1,0.9,0.1,12,,0.0,13,2.6,.833,36,2017,.333,Ike Anigbogu,.057,"University of California, Los Angeles",0.0,14
1,HOU,-0.6,43,1.9,15,1.7,0.5,47,.333,0.1,53,7.9,.786,221,2017,.488,Isaiah Hartenstein,.101,,0.5,28
2,ORL,-1.0,35,5.7,86,4.3,1.0,364,.200,0.3,485,14.6,.743,1237,2017,.555,Ivan Rabb,.125,University of California,3.2,85
1,BOS,-2.1,56,3.0,8,1.5,0.6,19,.429,0.0,39,8.8,.462,115,2017,.577,Jabari Bird,.098,University of California,0.2,13
1,SAS,-4.5,59,4.2,13,3.6,0.5,98,.256,-0.3,114,16.3,.769,439,2017,.443,Jaron Blossomgame,.030,Clemson University,0.3,27
2,BRK,1.6,22,9.6,159,7.0,1.0,1060,.183,3.2,1460,23.3,.732,3537,2017,.590,Jarrett Allen,.161,University of Texas at Austin,11.9,152
2,PHI,-5.2,39,4.2,110,1.7,2.0,96,.263,-0.7,237,15.1,.776,843,2017,.345,Jawun Evans,-.022,Oklahoma State University,-0.4,56
2,BOS,0.1,3,14.8,296,5.5,1.9,879,.400,2.6,2355,30.8,.840,4893,2017,.461,Jayson Tatum,.118,Duke University,12.0,159
2,ATL,1.5,19,14.6,219,8.4,1.6,1136,.346,3.2,1965,26.8,.743,3614,2017,.566,John Collins,.152,Wake Forest University,11.4,135
1,PHI,1.2,36,4.7,40,3.8,0.9,165,.354,0.5,207,14.5,.481,639,2017,.494,Jonah Bolden,.106,,1.4,44
2,ORL,-0.3,6,8.5,98,5.0,1.0,510,.327,1.1,865,24.8,.806,2532,2017,.419,Jonathan Isaac,.080,Florida State University,4.2,102
2,CHI,1.7,38,3.9,178,3.1,1.4,391,.000,1.5,485,12.8,.647,1597,2017,.570,Jordan Bell,.136,University of Oregon,4.5,125
2,UTA,-0.4,30,7.9,173,3.9,1.3,511,.361,1.3,1021,24.4,.695,3176,2017,.435,Josh Hart,.083,Villanova University,5.5,130
2,PHO,-4.6,4,12.3,302,4.5,1.9,698,.294,-2.5,1922,25.3,.650,3947,2017,.415,Josh Jackson,-.029,University of Kansas,-2.4,156
2,POR,-2.5,15,7.0,170,2.7,1.1,399,.335,-0.4,1036,20.9,.765,3120,2017,.445,Justin Jackson,.059,University of North Carolina,3.9,149
2,CHI,0.4,16,1.8,3,1.5,0.8,6,.000,0.0,7,6.3,.500,25,2017,.333,Justin Patton,.090,Creighton University,0.0,4
2,BOS,-2.2,53,5.6,88,1.7,2.4,62,.362,0.0,208,14.1,.778,523,2017,.436,Kadeem Allen,.080,University of Arizona,0.9,37
2,BRK,-1.5,27,17.3,319,5.9,2.2,865,.335,0.6,2550,32.1,.731,4715,2017,.453,Kyle Kuzma,.071,University of Utah,7.0,147
2,MIN,-1.9,7,16.7,154,8.2,1.3,978,.362,0.1,2007,30.9,.859,3702,2017,.432,Lauri Markkanen,.079,University of Arizona,6.1,120
2,LAL,1.2,2,10.0,631,6.2,6.4,611,.315,2.6,993,32.4,.437,3203,2017,.380,Lonzo Ball,.053,"University of California, Los Angeles",3.5,99
2,DET,-1.5,12,8.6,238,2.6,1.8,359,.403,0.4,1171,21.3,.847,2900,2017,.441,Luke Kennard,.085,Duke University,5.1,136
2,CHO,-4.1,11,7.9,208,1.5,1.5,203,.335,-1.1,1074,15.5,.871,2112,2017,.376,Malik Monk,.007,University of Kentucky,0.3,136
2,PHI,-3.1,1,7.7,112,3.4,3.4,113,.267,-0.2,255,20.6,.534,680,2017,.414,Markelle Fultz,.038,University of Washington,0.5,33
,PHI,,50,,,,,,,,,,,,2017,,Mathias Lessort,,,,
2,DEN,0.2,51,10.1,304,2.3,3.6,196,.412,1.1,861,23.5,.807,1995,2017,.494,Monte Morris,.153,Iowa State University,6.4,85
,UTA,,55,,,,,,,,,,,,2017,,Nigel Williams-Goss,,Gonzaga University,,
2,TOR,-0.3,23,6.4,102,2.7,0.7,381,.351,1.2,907,20.1,.605,2833,2017,.461,OG Anunoby,.085,Indiana University,5.0,141
,NYK,,58,,,,,,,,,,,,2017,,Ognjen Jaramaz,,,,
2,BOS,-3.7,37,3.0,43,1.9,0.3,247,.318,-0.8,381,13.5,.613,1744,2017,.382,Semi Ojeleye,.051,Southern Methodist University,1.9,129
2,MIL,-2.1,48,2.5,86,1.3,0.6,184,.342,0.0,344,10.7,.689,1469,2017,.415,Sindarius Thornwell,.034,University of South Carolina,1.0,137
2,PHI,-2.6,46,5.3,109,2.9,1.0,327,.357,-0.3,589,16.2,.758,1810,2017,.439,Sterling Brown,.074,Southern Methodist University,2.8,112
2,IND,-2.8,18,3.4,33,1.9,0.3,207,.356,-0.2,381,8.8,.617,981,2017,.511,T.J. Leaf,.117,"University of California, Los Angeles",2.4,111
2,OKC,-2.1,21,5.2,91,1.4,0.7,188,.356,-0.1,702,20.0,.754,2694,2017,.425,Terrance Ferguson,.072,,4.0,135
2,UTA,1.3,42,9.0,98,5.4,1.1,471,.312,1.3,780,18.0,.767,1568,2017,.606,Thomas Bryant,.172,Indiana University,5.6,87
2,LAL,-4.7,28,2.1,2,2.2,0.2,26,.000,0.0,25,5.4,.750,65,2017,.407,Tony Bradley,.087,University of North Carolina,0.1,12
2,ATL,-4.1,41,6.7,135,2.3,1.3,243,.350,-0.9,701,16.1,.669,1672,2017,.389,Tyler Dorsey,.030,University of Oregon,1.0,104
2,UTA,-2.6,24,0.9,6,0.7,0.2,18,.400,0.0,23,3.7,.333,96,2017,.500,Tyler Lydon,.084,Syracuse University,0.2,26
,DEN,,49,,,,,,,,,,,,2017,,Vlatko Čančar,,,,
2,ORL,-3.0,33,4.4,130,2.5,1.0,321,.304,-0.6,568,17.3,.787,2253,2017,.419,Wesley Iwundu,.054,Kansas State University,2.5,130
2,SAC,-1.3,10,5.6,123,3.8,0.9,545,.321,0.4,804,16.8,.720,2401,2017,.441,Zach Collins,.072,Gonzaga University,3.6,143
1,IND,-2.6,23,5.9,87,1.3,1.7,67,.339,-0.1,294,12.9,.820,646,2018,.401,Aaron Holiday,.065,"University of California, Los Angeles",0.9,50
1,IND,-8.1,50,0.9,1,1.4,0.1,19,.500,-0.1,13,4.6,.500,64,2018,.250,Alize Johnson,.027,Missouri State,0.0,14
1,POR,-6.3,24,3.8,13,0.7,0.7,13,.345,-0.2,75,7.1,.563,141,2018,.444,Anfernee Simons,.020,,0.1,20
,CHO,,55,,,,,,,,,,,,2018,,Arnoldas Kulboka,,,,
1,DET,-2.0,42,4.3,91,2.5,1.2,185,.258,0.0,319,19.6,.750,1449,2018,.398,Bruce Brown,.048,University of Miami,1.5,74
1,CHI,-4.3,22,5.2,34,4.2,0.8,185,.280,-0.5,229,20.3,.605,895,2018,.459,Chandler Hutchison,.030,Boise State University,0.6,44
1,SAS,-9.2,49,1.8,13,1.2,0.4,36,.000,-0.3,51,5.0,.765,145,2018,.328,Chimezie Metu,-.099,University of Southern California,-0.3,29
1,CLE,-5.2,8,16.7,243,2.9,3.0,236,.402,-2.1,1371,31.8,.839,2605,2018,.430,Collin Sexton,-.011,University of Alabama,-0.6,82
1,HOU,-2.6,46,5.0,159,2.7,3.2,134,.305,-0.1,250,19.7,.750,984,2018,.391,De'Anthony Melton,.002,University of Southern California,0.0,50
1,PHO,0.2,1,16.3,125,10.3,1.8,729,.000,1.2,1159,30.7,.746,2183,2018,.585,Deandre Ayton,.128,University of Arizona,5.8,71
,OKC,,53,,,,,,,,,,,,2018,,Devon Hall,,University of Virginia,,
1,ATL,-4.3,34,4.7,121,1.4,2.6,63,.281,-0.4,217,14.7,.761,676,2018,.343,Devonte' Graham,.035,University of Kansas,0.5,46
1,MIL,-1.8,17,4.9,31,2.4,1.1,65,.265,0.0,131,15.2,.750,411,2018,.403,Donte DiVincenzo,.069,Villanova University,0.6,27
1,BRK,-10.4,29,2.1,2,0.6,0.2,5,.100,-0.1,19,4.3,.000,39,2018,.409,Džanan Musa,-.152,,-0.1,9
1,SAC,-10.3,37,2.7,5,0.7,0.3,11,.238,-0.2,40,7.4,.429,111,2018,.320,Gary Trent,-.092,Duke University,-0.2,15
1,PHO,-10.6,59,0.0,0,1.0,0.0,1,,0.0,0,6.0,,6,2018,,George King,-.001,University of Colorado,0.0,1
1,UTA,-6.8,21,5.6,25,0.6,0.7,23,.323,-0.5,211,10.9,.750,416,2018,.376,Grayson Allen,.002,Duke University,0.0,38
1,BRK,-4.7,45,3.7,17,1.9,0.3,97,.167,-0.4,190,10.3,.610,526,2018,.455,Hamidou Diallo,.069,University of Kentucky,0.8,51
1,PHI,-4.3,39,0.9,15,1.1,0.7,25,.000,-0.1,19,5.5,.600,120,2018,.152,Isaac Bonga,-.059,,-0.1,22
,WAS,,44,,,,,,,,,,,,2018,,Issuf Sanon,,,,
1,GSW,-6.9,28,1.3,23,0.8,0.8,25,.267,-0.3,40,6.8,.000,204,2018,.340,Jacob Evans,-.030,University of Cincinnati,-0.1,30
1,DAL,-2.5,33,9.3,230,2.3,3.2,169,.348,-0.2,678,21.8,.725,1591,2018,.467,Jalen Brunson,.077,Villanova University,2.6,73
1,MEM,0.1,4,13.8,64,4.7,1.1,272,.359,0.8,798,26.1,.766,1515,2018,.506,Jaren Jackson,.105,Michigan State University,3.3,58
1,ORL,-4.0,41,1.4,3,1.4,0.2,23,.000,0.0,24,4.1,.600,69,2018,.474,Jarred Vanderbilt,.037,University of Kentucky,0.1,17
1,LAC,-4.3,13,3.4,19,1.2,0.6,41,.316,-0.2,112,9.7,.667,320,2018,.400,Jerome Robinson,.012,Boston College,0.1,33
1,MEM,-4.0,32,4.4,69,1.7,1.8,66,.333,-0.3,172,14.8,.813,577,2018,.303,Jevon Carter,-.003,West Virginia University,0.0,39
1,MIN,-1.7,20,7.7,91,2.9,1.2,218,.279,0.1,570,23.7,.728,1757,2018,.386,Josh Okogie,.034,Georgia Institute of Technology,1.2,74
,DEN,,43,,,,,,,,,,,,2018,,Justin Jackson,,University of Maryland,,
1,MIN,-3.1,48,5.0,17,2.8,0.6,83,.250,-0.1,151,16.8,.643,503,2018,.423,Keita Bates-Diop,.032,Ohio State University,0.3,30
,OKC,,57,,,,,,,,,,,,2018,,Kevin Hervey,,University of Texas at Arlington,,
1,ATL,-1.9,19,9.7,214,3.3,2.9,245,.385,0.1,727,27.3,.732,2048,2018,.419,Kevin Huerter,.034,University of Maryland,1.5,75
1,NYK,-6.0,9,12.8,82,4.5,1.1,335,.343,-2.2,963,28.8,.717,2158,2018,.370,Kevin Knox,-.030,University of Kentucky,-1.3,75
1,PHI,-5.2,38,2.3,8,0.8,0.3,20,.286,-0.2,61,7.5,.636,195,2018,.319,Khyri Thomas,.005,Creighton University,0.0,26
1,PHI,-13.3,60,1.0,0,0.5,0.0,1,,0.0,2,5.5,.500,11,2018,.000,Kostas Antetokounmpo,-.247,University of Dayton,-0.1,2
1,PHI,-1.0,26,9.1,117,1.7,1.5,134,.422,0.5,722,22.8,.806,1802,2018,.431,Landry Shamet,.095,Wichita State University,3.6,79
1,SAS,-4.4,18,2.6,9,1.0,0.5,17,.385,-0.1,45,6.9,.800,118,2018,.348,Lonnie Walker,.019,University of Miami,0.0,17
1,ATL,4.1,3,21.2,429,7.8,6.0,563,.327,3.6,1526,32.2,.713,2318,2018,.427,Luka Dončić,.101,,4.9,72
1,SAC,-1.8,2,14.9,62,7.6,1.0,471,.313,0.1,923,25.3,.691,1567,2018,.504,Marvin Bagley,.110,Duke University,3.6,62
1,ORL,-12.9,35,1.5,1,0.5,0.1,5,.000,-0.1,15,4.4,.250,44,2018,.333,Melvin Frazier,-.133,Tulane University,-0.1,10
,DEN,,14,,,,,,,,,,,,2018,,Michael Porter,,University of Missouri,,
1,PHI,-0.2,10,8.3,173,3.2,2.1,264,.335,1.1,684,29.5,.805,2417,2018,.430,Mikal Bridges,.058,Villanova University,2.9,82
1,LAC,-0.6,12,7.5,95,4.0,1.2,323,.325,0.6,597,21.2,.753,1696,2018,.464,Miles Bridges,.083,Michigan State University,2.9,80
1,NYK,5.7,36,7.3,37,6.4,0.6,423,,2.7,485,20.6,.600,1360,2018,.694,Mitchell Robinson,.217,,6.1,66
1,ORL,-0.2,6,6.2,39,5.0,0.8,233,.300,0.4,292,16.3,.587,766,2018,.481,Mohamed Bamba,.106,University of Texas at Austin,1.7,47
1,LAL,-5.1,25,4.8,24,2.0,0.6,85,.286,-0.3,207,10.4,.811,446,2018,.415,Moritz Wagner,.020,University of Michigan,0.2,43
1,ATL,-1.0,30,5.9,47,4.2,1.0,194,.344,0.2,272,17.5,.711,805,2018,.402,Omari Spellman,.070,Villanova University,1.2,46
1,PHI,-3.4,56,3.9,5,3.4,0.4,48,.000,-0.1,54,10.6,.333,148,2018,.532,Ray Spalding,.051,University of Louisville,0.2,14
1,BOS,4.4,27,2.5,7,2.5,0.2,81,,0.5,81,8.8,.600,283,2018,.706,Robert Williams,.201,Texas A&M University,1.2,32
1,BRK,-2.4,40,8.5,52,3.9,0.8,246,.315,-0.1,534,20.5,.783,1294,2018,.450,Rodions Kurucs,.059,,1.6,63
1,CHO,-0.3,11,10.8,270,2.8,3.3,232,.367,0.9,889,26.5,.800,2174,2018,.476,Shai Gilgeous-Alexander,.074,University of Kentucky,3.3,82
1,DAL,-2.7,54,4.4,18,1.8,0.9,35,.318,0.0,87,13.4,.714,268,2018,.391,Shake Milton,.059,Southern Methodist University,0.3,20
1,LAL,-5.7,47,3.2,37,0.9,0.9,36,.326,-0.4,133,10.5,.600,440,2018,.329,Sviatoslav Mykhailiuk,-.012,University of Kansas,-0.1,42
1,DEN,-2.6,58,1.6,5,0.4,0.5,4,.429,0.0,18,3.3,.500,36,2018,.538,Thomas Welsh,.162,"University of California, Los Angeles",0.1,11
,NOP,,51,,,,,,,,,,,,2018,,Tony Carr,,Pennsylvania State University,,
1,DAL,-1.1,5,19.1,653,3.7,8.1,301,.324,0.6,1549,30.9,.829,2503,2018,.418,Trae Young,.062,University of Oklahoma,3.3,81
1,WAS,-3.7,15,4.8,80,2.8,1.5,145,.319,-0.3,248,14.0,.681,730,2018,.415,Troy Brown,.039,University of Oregon,0.6,52
1,UTA,-9.8,52,1.5,0,1.0,0.0,2,.250,0.0,3,8.0,,16,2018,.250,Vince Edwards,-.014,Purdue University,0.0,2
1,CHI,-0.5,7,10.3,78,7.0,1.8,307,.188,0.4,455,25.2,.795,1110,2018,.485,Wendell Carter,.080,Duke University,1.9,44
1,PHO,-4.0,16,6.7,10,2.2,1.7,13,.375,-0.1,40,18.5,.750,111,2018,.412,Zhaire Smith,.048,Texas Tech University,0.1,6
1,PHO,-5.9,31,5.7,127,1.8,2.4,98,.295,-0.9,304,18.1,.787,958,2018,.393,Élie Okobo,-.027,,-0.5,53
