PlayerName,Starts,PlayerAge,MatchesPlayed,PKScored,RedCards,Minutes,YellowCards,PKAttempts,PlayerPos,Assists,Goals,Country
Alex Oxlade-Chamberlain,2,27,3,0,0,141,0,0,MF,1,1,England
Ben Chilwell,4,24,4,0,0,360,0,0,DF,3,0,England
Callum Hudson-Odoi,1,20,1,0,0,59,0,0,"FW,MF",0,0,England
Callum Wilson,0,28,1,0,0,14,0,0,FW,0,0,England
Danny Rose,2,30,2,0,2,180,2,0,"DF,MF",0,0,England
Dean Henderson,0,23,0,,,,,,GK,,,England
Declan Rice,4,22,4,0,0,358,0,0,"DF,MF",0,0,England
Fikayo Tomori,0,23,1,0,0,6,0,0,DF,0,0,England
Harry Kane,6,27,6,4,0,494,0,5,FW,5,10,England
Harry Maguire,6,27,6,0,0,540,0,0,DF,1,0,England
Harry Winks,3,24,3,0,0,270,0,0,MF,0,1,England
Jadon Sancho,3,20,5,0,0,284,0,0,"FW,MF",1,2,England
James Maddison,0,24,1,0,0,34,0,0,MF,0,0,England
Joe Gomez,0,23,1,0,0,20,0,0,DF,0,0,England
John Stones,1,26,1,0,0,90,0,0,DF,0,0,England
Jordan Henderson,4,30,4,0,2,337,2,0,MF,0,0,England
Jordan Pickford,5,26,5,0,0,450,0,0,GK,0,0,England
Kieran Trippier,3,30,3,0,0,270,0,0,"DF,MF",0,0,England
Marcus Rashford,3,23,6,0,0,309,0,0,"FW,MF",0,3,England
Mason Mount,2,22,6,0,0,207,0,0,MF,0,1,England
Michael Keane,3,28,3,0,1,270,1,0,DF,1,0,England
Nick Pope,1,28,1,0,0,90,0,0,GK,0,0,England
Raheem Sterling,5,26,5,0,1,414,1,0,"FW,MF",6,4,England
Ross Barkley,3,27,4,0,0,264,0,0,MF,1,2,England
Tammy Abraham,0,23,2,0,0,35,0,0,FW,0,1,England
Tom Heaton,0,34,0,,,,,,GK,,,England
Trent Alexander-Arnold,3,22,3,0,0,264,0,0,DF,1,0,England
Tyrone Mings,2,27,2,0,0,180,0,0,DF,0,0,England
Alex Král,7,22,7,0,0,593,0,0,MF,1,1,Czech Republic
David Pavelka,2,29,2,0,1,180,1,0,MF,0,0,Czech Republic
Filip Novák,2,30,2,0,1,180,1,0,DF,0,0,Czech Republic
Jakub Brabec,2,28,3,0,0,225,0,0,DF,0,1,Czech Republic
Jakub Jankto,7,25,7,0,3,599,3,0,MF,3,1,Czech Republic
Jan Bořil,5,30,5,0,1,450,1,0,DF,0,0,Czech Republic
Jan Kopic,0,30,4,0,0,95,0,0,MF,0,0,Czech Republic
Jaromír Zmrhal,0,27,1,0,0,,0,0,MF,0,0,Czech Republic
Jiří Pavlenka,0,28,0,0,,,,0,GK,,,Czech Republic
Josef Hušbauer,0,30,2,0,0,37,0,0,MF,0,0,Czech Republic
Ladislav Krejčí,0,28,2,0,0,24,0,0,"FW,MF",0,0,Czech Republic
Libor Kozák,0,31,1,0,0,2,0,0,FW,0,0,Czech Republic
Lukáš Kalvach,0,25,0,,,,,,MF,,,Czech Republic
Lukáš Masopust,6,27,7,0,1,453,1,0,MF,2,1,Czech Republic
Marek Suchý,4,32,4,0,1,315,1,0,DF,1,0,Czech Republic
Martin Doležal,0,30,3,0,0,32,0,0,FW,0,0,Czech Republic
Matěj Vydra,0,28,0,0,,,,0,"FW,MF",,,Czech Republic
Michal Krmenčík,1,27,3,0,0,90,0,0,FW,0,0,Czech Republic
Michal Sadílek,0,21,0,,,,,,"DF,FW",,,Czech Republic
Ondřej Kolář,1,26,1,0,0,90,0,0,GK,0,0,Czech Republic
Ondřej Kúdela,1,33,1,0,1,90,1,0,"DF,MF",0,0,Czech Republic
Ondřej Čelůstka,7,31,7,0,1,630,1,0,DF,1,1,Czech Republic
Patrik Schick,5,25,5,1,1,382,1,1,FW,0,4,Czech Republic
Pavel Kadeřábek,4,28,5,0,1,360,1,0,"DF,MF",1,0,Czech Republic
Petr Ševčík,1,26,2,0,0,79,0,0,MF,0,0,Czech Republic
Radim Řezník,0,32,0,,,,,,DF,,,Czech Republic
Stefan Simić,0,26,0,,,,,,DF,,,Czech Republic
Tomáš Kalas,0,27,0,0,,,,0,DF,,,Czech Republic
Tomáš Koubek,0,28,0,,,,,,GK,,,Czech Republic
Tomáš Souček,7,25,7,0,2,630,2,0,MF,0,1,Czech Republic
Tomáš Vaclík,6,31,6,0,0,540,0,0,GK,0,0,Czech Republic
Vladimír Coufal,3,28,3,0,0,270,0,0,DF,0,0,Czech Republic
Vladimír Darida,5,30,5,1,0,450,0,1,MF,0,1,Czech Republic
Zdeněk Ondrášek,1,32,3,0,0,134,0,0,FW,0,1,Czech Republic
Amir Rrahmani,7,26,7,0,0,630,0,0,DF,0,1,Kosovo
Anel Raskaj,1,31,5,0,2,115,2,0,MF,0,0,Kosovo
Arbenit Xhemajli,0,22,0,,,,,,DF,,,Kosovo
Arber Zeneli,1,25,1,0,0,39,0,0,"FW,MF",0,0,Kosovo
Arijanet Muric,7,22,7,0,1,630,1,0,GK,0,0,Kosovo
Atdhe Nuhiu,2,31,2,0,1,172,1,0,FW,0,1,Kosovo
Benjamin Kololli,4,28,5,0,2,381,2,0,"DF,MF",1,0,Kosovo
Bernard Berisha,0,29,0,,,,,,MF,,,Kosovo
Bersant Celina,7,24,7,0,0,613,0,0,"FW,MF",1,0,Kosovo
Besar Halimi,4,26,6,0,2,427,2,0,MF,0,0,Kosovo
Edon Zhegrova,2,21,6,0,1,214,1,0,MF,0,0,Kosovo
Elba Rashani,1,27,5,0,0,90,0,0,FW,1,1,Kosovo
Fidan Aliti,7,27,7,0,2,630,2,0,DF,0,0,Kosovo
Florent Hadergjonaj,5,26,6,0,0,448,0,0,"DF,MF",1,0,Kosovo
Florent Hasani,0,23,2,0,0,5,0,0,MF,0,0,Kosovo
Florent Muslija,1,22,2,0,0,79,0,0,MF,0,0,Kosovo
Herolind Shala,1,28,1,0,0,82,0,0,"FW,MF",0,0,Kosovo
Ibrahim Drešević,1,24,1,0,0,90,0,0,DF,0,0,Kosovo
Idriz Voca,4,23,4,0,0,301,0,0,"DF,MF",0,0,Kosovo
Leart Paqarada,1,26,2,0,2,114,2,0,DF,0,0,Kosovo
Milot Rashica,5,24,5,0,1,450,1,0,"FW,MF",0,2,Kosovo
Mirlind Kryeziu,0,24,0,,,,,,DF,,,Kosovo
Mërgim Vojvoda,7,25,7,0,1,601,1,0,DF,0,1,Kosovo
Samir Ujkani,0,32,0,,,,,,GK,,,Kosovo
Shkelqim Demhasaj,0,24,0,,,,,,FW,,,Kosovo
Valon Berisha,4,27,5,0,1,369,1,0,MF,1,2,Kosovo
Vedat Muriqi,5,26,5,1,2,450,2,1,"FW,MF",2,4,Kosovo
Visar Bekaj,0,23,0,,,,,,GK,,,Kosovo
Aleksandar Tsvetkov,0,30,1,0,0,1,0,0,MF,0,0,Bulgaria
Anton Nedyalkov,4,27,4,0,0,360,0,0,DF,0,0,Bulgaria
Bircent Karagaren,0,28,1,0,0,13,0,0,"FW,MF",0,0,Bulgaria
Bozhidar Chorbadzhiyski,0,25,0,,,,,,DF,,,Bulgaria
Bozhidar Kraev,1,23,3,0,0,156,0,0,MF,0,0,Bulgaria
Daniel Mladenov,0,33,1,0,0,7,0,0,"FW,MF",0,0,Bulgaria
Deyan Lozev,0,27,0,,,,,,MF,,,Bulgaria
Dimitar Iliev,0,32,0,,,,,,"FW,MF",,,Bulgaria
Galin Ivanov,3,32,4,0,0,285,0,0,"FW,MF",1,0,Bulgaria
Georgi Georgiev,1,32,1,0,1,90,1,0,GK,0,0,Bulgaria
Georgi Iliev,0,39,1,0,0,20,0,0,MF,0,0,Bulgaria
Georgi Kostadinov,3,30,4,0,2,297,2,0,MF,0,0,Bulgaria
Georgi Milanov,0,28,0,,,,,,"FW,MF",,,Bulgaria
Georgi Pashov,2,30,2,0,1,180,1,0,DF,0,0,Bulgaria
Georgi Sarmov,3,35,3,0,0,225,0,0,MF,0,0,Bulgaria
Georgi Terziev,2,28,2,0,0,180,0,0,DF,0,0,Bulgaria
Hristo Ivanov,0,38,0,,,,,,GK,,,Bulgaria
Ismail Isa,3,31,4,0,0,257,0,0,FW,0,1,Bulgaria
Ivan Bandalovski,0,34,0,,,,,,DF,,,Bulgaria
Ivan Goranov,1,28,1,0,0,90,0,0,"DF,MF",0,0,Bulgaria
Ivelin Popov,5,33,5,0,0,450,0,0,"FW,MF",1,1,Bulgaria
Kamen Hadzhiev,1,29,1,0,0,90,0,0,DF,0,0,Bulgaria
Kiril Despodov,3,24,5,0,1,317,1,0,FW,1,0,Bulgaria
Kristian Dimitrov,2,23,4,0,1,250,1,0,DF,0,1,Bulgaria
Kristiyan Malinov,4,26,5,0,2,347,2,0,MF,0,0,Bulgaria
Krum Stoyanov,0,29,0,,,,,,"DF,FW",,,Bulgaria
Marcelinho,3,36,3,0,0,227,0,0,MF,0,0,Bulgaria
Martin Lukov,0,27,0,,,,,,GK,,,Bulgaria
Martin Minchev,1,19,1,0,0,45,0,0,MF,0,0,Bulgaria
Nikolay Bodurov,1,34,1,0,1,65,1,0,DF,0,0,Bulgaria
Nikolay Dimitrov,0,33,0,,,,,,"FW,MF",,,Bulgaria
Nikolay Mihaylov,2,32,2,0,0,180,0,0,GK,0,0,Bulgaria
Petar Zanev,3,35,3,0,0,270,0,0,DF,0,0,Bulgaria
Plamen Iliev,3,29,3,0,0,270,0,0,GK,0,0,Bulgaria
Simeon Slavchev,0,27,0,0,,,,0,MF,,,Bulgaria
Stanislav Ivanov,0,21,0,,,,,,FW,,,Bulgaria
Strahil Popov,5,30,5,0,0,423,0,0,"DF,MF",0,0,Bulgaria
Todor Nedelev,2,27,3,1,0,170,0,1,MF,1,0,Bulgaria
Tsvetelin Chunchukov,0,26,2,0,1,19,1,0,FW,0,0,Bulgaria
Vasil Bozhikov,4,32,4,0,0,315,0,0,DF,0,1,Bulgaria
Vasil Panayotov,0,30,0,,,,,,MF,,,Bulgaria
Viktor Genev,0,32,0,,,,,,DF,,,Bulgaria
Viktor Popov,0,20,0,,,,,,DF,,,Bulgaria
Wanderson,4,33,4,0,0,315,0,0,"FW,MF",0,0,Bulgaria
Yanis Karabelyov,0,25,1,0,0,26,0,0,MF,0,0,Bulgaria
Adam Marušić,5,28,5,0,1,420,1,0,"DF,FW",0,0,Montengro
Aleksandar Boljević,3,25,5,0,0,305,0,0,"FW,MF",0,0,Montengro
Aleksandar Šofranac,1,30,1,0,0,90,0,0,DF,0,0,Montengro
Aleksandar Šćekić,2,29,2,0,1,149,1,0,MF,0,0,Montengro
Andrija Dragojević,0,29,0,,,,,,GK,,,Montengro
Boris Kopitović,1,26,1,0,0,90,0,0,DF,0,0,Montengro
Branislav Janković,0,28,1,0,0,25,0,0,MF,0,0,Montengro
Damir Kojašević,0,33,0,,,,,,"FW,MF",,,Montengro
Damir Ljuljanović,0,28,0,,,,,,GK,,,Montengro
Danijel Petković,3,27,3,0,0,195,0,0,GK,0,0,Montengro
Darko Bulatović,1,31,1,0,0,90,0,0,DF,0,0,Montengro
Deni Hočko,2,26,2,0,0,180,0,0,MF,0,0,Montengro
Dušan Lagator,4,26,4,0,1,360,1,0,MF,0,0,Montengro
Fatos Bećiraj,3,32,6,0,0,337,0,0,FW,0,0,Montengro
Igor Vujačić,2,26,2,0,1,180,1,0,DF,0,0,Montengro
Luka Mirković,0,30,1,0,0,8,0,0,FW,0,0,Montengro
Marko Bakić,1,27,3,0,1,143,1,0,MF,0,0,Montengro
Marko Janković,1,25,4,0,2,154,2,0,MF,1,0,Montengro
Marko Simić,4,33,4,0,1,360,1,0,"DF,MF",0,0,Montengro
Marko Vešović,4,29,4,0,3,360,3,0,"DF,MF",0,0,Montengro
Matija Šarkić,0,23,0,,,,,,GK,,,Montengro
Milan Mijatović,3,33,4,0,0,345,0,0,GK,0,0,Montengro
Momčilo Raspopović,0,26,1,0,0,45,0,0,DF,0,0,Montengro
Nebojša Kosović,4,25,5,0,0,349,0,0,MF,0,0,Montengro
Nemanja Sekulić,1,26,1,0,0,90,0,0,MF,0,0,Montengro
Nikola Vukčević,5,29,5,0,1,405,1,0,MF,0,0,Montengro
Risto Radunović,3,28,3,0,1,208,1,0,DF,0,0,Montengro
Sead Haksabanović,2,21,2,0,0,156,0,0,MF,0,0,Montengro
Stefan Lončar,0,24,0,,,,,,MF,,,Montengro
Stefan Mugoša,4,28,4,0,0,355,0,0,FW,0,1,Montengro
Stefan Savić,1,30,1,0,0,39,0,0,"DF,MF",0,0,Montengro
Vladimir Jovović,4,26,5,0,1,301,1,0,"FW,MF",0,0,Montengro
Vukan Savićević,0,27,2,0,0,40,0,0,MF,0,0,Montengro
Žarko Tomašević,2,30,2,0,0,161,0,0,DF,0,0,Montengro
Andriy Lunin,0,21,0,,,,,,GK,,,Ukraine
Andriy Pyatov,6,36,6,0,0,540,0,0,GK,0,0,Ukraine
Andriy Yarmolenko,4,31,4,0,1,305,1,0,"FW,MF",1,1,Ukraine
Artem Besyedin,0,24,1,0,0,13,0,0,FW,0,1,Ukraine
Artem Kravets,0,31,1,0,0,23,0,0,FW,0,0,Ukraine
Artem Shabanov,0,28,0,,,,,,DF,,,Ukraine
Bohdan Butko,0,30,0,0,,,,0,DF,,,Ukraine
Eduard Sobol,1,25,2,0,0,92,0,0,"DF,MF",0,0,Ukraine
Ihor Plastun,0,30,1,0,0,,0,0,DF,0,0,Ukraine
Júnior Moraes,1,33,2,0,0,115,0,0,FW,1,0,Ukraine
Marlos,3,32,3,0,0,212,0,0,MF,1,1,Ukraine
Maryan Shved,0,23,0,,,,,,"FW,MF",,,Ukraine
Mykola Matviyenko,6,24,6,0,1,540,1,0,DF,0,0,Ukraine
Mykola Shaparenko,0,22,0,,,,,,MF,,,Ukraine
Mykyta Burda,0,25,0,0,,,,0,DF,,,Ukraine
Oleksandr Karavayev,4,28,4,0,1,360,1,0,"DF,FW",2,0,Ukraine
Oleksandr Zinchenko,5,24,5,0,2,450,2,0,"DF,MF",0,1,Ukraine
Roman Bezus,0,30,1,0,0,10,0,0,"FW,MF",0,0,Ukraine
Roman Yaremchuk,5,25,5,0,1,385,1,0,FW,1,4,Ukraine
Ruslan Malinovskyi,6,27,6,0,0,528,0,0,MF,3,3,Ukraine
Serhiy Bolbat,2,27,2,0,0,180,0,0,"DF,MF",0,0,Ukraine
Serhiy Kryvtsov,6,29,6,0,0,540,0,0,DF,0,0,Ukraine
Serhiy Sydorchuk,1,29,2,0,0,107,0,0,MF,0,0,Ukraine
Taras Stepanenko,5,31,5,0,3,396,3,0,MF,0,0,Ukraine
Viktor Kovalenko,1,24,4,0,1,118,1,0,MF,0,0,Ukraine
Viktor Tsyhankov,3,23,5,0,0,310,0,0,MF,1,2,Ukraine
Vitaliy Buyalskyi,0,28,0,0,,,,0,MF,,,Ukraine
Vitaliy Mykolenko,5,21,5,0,2,450,2,0,DF,1,0,Ukraine
Volodymyr Shepelyev,0,23,2,0,0,31,0,0,MF,0,0,Ukraine
Yevhen Konoplyanka,2,31,4,0,0,214,0,0,"FW,MF",0,2,Ukraine
Yevhen Shakhov,0,30,1,0,0,2,0,0,MF,0,0,Ukraine
Yuriy Pankiv,0,36,0,,,,,,GK,,,Ukraine
André Gomes,0,27,0,,,,,,MF,,,Portugal
André Silva,1,25,1,0,0,71,0,0,FW,0,0,Portugal
Bernardo Silva,6,26,6,0,1,502,1,0,"FW,MF",6,3,Portugal
Beto,0,38,0,,,,,,GK,,,Portugal
Bruma,0,26,2,0,0,46,0,0,"FW,MF",0,0,Portugal
Bruno Fernandes,5,26,6,0,0,427,0,0,MF,1,1,Portugal
Cristiano Ronaldo,6,35,6,3,0,522,0,3,"FW,MF",0,11,Portugal
Daniel Carriço,0,32,0,,,,,,"DF,MF",,,Portugal
Daniel Podence,0,25,0,,,,,,"FW,MF",,,Portugal
Danilo Pereira,4,29,4,0,0,360,0,0,"DF,FW",0,0,Portugal
Diogo Jota,0,24,2,0,0,26,0,0,"FW,MF",1,0,Portugal
Domingos Duarte,0,25,0,,,,,,DF,,,Portugal
Francisco Reis Ferreira,0,23,0,,,,,,DF,,,Portugal
Gonçalo Guedes,2,24,4,0,0,139,0,0,"FW,MF",0,2,Portugal
Gonçalo Paciência,1,26,1,0,0,90,0,0,FW,1,1,Portugal
José Fonte,4,37,4,0,0,360,0,0,DF,0,0,Portugal
José Sá,0,28,0,,,,,,GK,,,Portugal
João Cancelo,1,26,2,0,0,115,0,0,DF,0,0,Portugal
João Félix,2,21,4,0,0,243,0,0,"FW,MF",0,0,Portugal
João Moutinho,2,34,5,0,0,197,0,0,MF,0,0,Portugal
João Mário,1,28,2,0,0,70,0,0,MF,0,0,Portugal
Mário Rui,1,29,1,0,0,90,0,0,"DF,MF",0,0,Portugal
Nélson Semedo,3,27,3,0,0,245,0,0,"DF,MF",0,0,Portugal
Pepe,2,37,2,0,1,180,1,0,"DF,MF",0,0,Portugal
Pizzi,2,31,3,0,0,153,0,0,"FW,MF",0,1,Portugal
Rafa Silva,0,27,1,0,0,34,0,0,"FW,MF",1,0,Portugal
Raphaël Guerreiro,5,27,5,0,0,450,0,0,"DF,MF",1,0,Portugal
Renato Sanches,0,23,0,,,,,,MF,,,Portugal
Ricardo Pereira,2,27,2,0,0,180,0,0,"DF,FW",1,0,Portugal
Rui Patrício,6,32,6,0,0,540,0,0,GK,0,0,Portugal
Rúben Dias,6,23,6,0,2,540,2,0,DF,1,0,Portugal
Rúben Neves,2,23,4,0,0,180,0,0,MF,0,0,Portugal
Rúben Semedo,0,26,0,,,,,,"DF,MF",,,Portugal
William Carvalho,2,28,2,0,1,180,1,0,MF,0,2,Portugal
Éder,0,33,0,,,,,,FW,,,Portugal
Adem Ljajić,5,29,7,0,1,423,1,0,"FW,MF",3,1,Serbia
Aleksandar Katai,1,29,3,0,0,55,0,0,"FW,MF",0,0,Serbia
Aleksandar Kolarov,7,35,7,0,3,630,3,0,DF,1,0,Serbia
Aleksandar Mitrović,6,26,7,0,2,577,2,0,FW,0,10,Serbia
Aleksandar Prijović,1,30,1,0,0,53,0,0,FW,0,0,Serbia
Andrija Pavlović,0,27,0,,,,,,FW,,,Serbia
Andrija Živković,0,24,1,0,0,19,0,0,MF,0,0,Serbia
Antonio Rukavina,2,37,2,0,0,180,0,0,DF,0,0,Serbia
Boris Radunović,0,24,0,,,,,,GK,,,Serbia
Darko Lazović,1,30,2,0,0,77,0,0,"DF,MF",0,0,Serbia
Dušan Tadić,5,32,5,2,0,441,0,2,"FW,MF",5,1,Serbia
Emil Rockov,0,26,0,,,,,,GK,,,Serbia
Filip Kostić,4,28,4,0,0,289,0,0,"DF,FW",0,0,Serbia
Filip Mladenović,2,29,2,0,0,180,0,0,DF,0,0,Serbia
Filip Đuričić,0,29,1,0,0,11,0,0,"FW,MF",0,0,Serbia
Ljubomir Fejsa,0,32,1,0,0,30,0,0,MF,0,0,Serbia
Luka Jović,2,23,3,0,0,162,0,0,FW,0,1,Serbia
Luka Milivojević,4,29,5,0,0,353,0,0,MF,0,0,Serbia
Marko Dmitrović,6,29,6,0,0,540,0,0,GK,0,0,Serbia
Marko Gobeljić,0,28,0,,,,,,MF,,,Serbia
Matija Nastasić,1,27,1,0,0,90,0,0,DF,0,0,Serbia
Mijat Gaćinović,1,25,4,0,0,185,0,0,MF,0,0,Serbia
Milan Pavkov,0,26,0,,,,,,FW,,,Serbia
Milan Rodić,1,29,1,0,0,90,0,0,DF,0,0,Serbia
Nemanja Gudelj,1,29,2,0,0,95,0,0,MF,0,0,Serbia
Nemanja Maksimović,5,26,5,0,0,436,0,0,MF,0,0,Serbia
Nemanja Matić,1,32,2,0,0,101,0,0,MF,0,0,Serbia
Nemanja Miletić,1,30,1,0,0,90,0,0,DF,0,0,Serbia
Nemanja Milunović,0,31,0,,,,,,DF,,,Serbia
Nemanja Radonjić,2,24,4,0,1,245,1,0,MF,0,2,Serbia
Nikola Maksimović,4,29,4,0,1,360,1,0,DF,0,0,Serbia
Nikola Milenković,6,23,6,0,1,540,1,0,DF,0,1,Serbia
Nikola Vasiljević,0,24,0,,,,,,"DF,GK",,,Serbia
Predrag Rajković,1,25,1,0,0,90,0,0,GK,0,0,Serbia
Saša Lukić,2,24,4,0,0,169,0,0,MF,1,0,Serbia
Sergej Milinković-Savić,2,25,3,0,0,149,0,0,MF,2,0,Serbia
Stefan Mitrović,0,30,0,,,,,,DF,,,Serbia
Uroš Spajić,3,27,3,0,2,270,2,0,DF,0,0,Serbia
Đorđe Despotović,0,28,0,,,,,,FW,,,Serbia
Aldin Skenderovic,1,23,2,0,0,135,0,0,DF,0,0,Luxembourg
Alessio Curci,0,18,0,,,,,,MF,,,Luxembourg
Anthony Moris,6,30,6,0,0,540,0,0,GK,0,0,Luxembourg
Aurélien Joachim,0,34,2,0,0,13,0,0,FW,0,0,Luxembourg
Chris Philipps,1,26,1,0,0,45,0,0,"DF,MF",0,0,Luxembourg
Christopher Martins,2,23,2,0,0,180,0,0,"DF,MF",0,0,Luxembourg
Danel Sinani,1,23,5,0,0,144,0,0,MF,0,0,Luxembourg
Daniel da Mota,1,35,3,0,1,111,1,0,FW,1,0,Luxembourg
David Turpel,3,28,6,0,0,255,0,0,FW,0,2,Luxembourg
Dirk Carlson,5,22,5,0,2,421,2,0,DF,1,0,Luxembourg
Emanuel Cabral,0,24,0,,,,,,GK,,,Luxembourg
Enes Mahmutovic,0,23,0,,,,,,DF,,,Luxembourg
Florian Bohnert,1,23,1,0,0,45,0,0,FW,0,0,Luxembourg
Gerson Rodrigues,6,25,6,0,2,540,2,0,"FW,MF",0,2,Luxembourg
Kevin Holtz,0,27,0,,,,,,MF,,,Luxembourg
Kevin Malget,0,30,1,0,1,29,1,0,DF,0,0,Luxembourg
Lars Krogh Gerson,6,30,6,0,0,540,0,0,"DF,MF",0,0,Luxembourg
Laurent Jans,6,28,6,0,0,540,0,0,"DF,MF",0,0,Luxembourg
Leandro Barreiro Martins,5,21,5,0,2,434,2,0,MF,0,0,Luxembourg
Marvin da Graça,1,25,1,0,0,90,0,0,DF,0,0,Luxembourg
Mathias Jänisch,0,30,0,,,,,,"DF,MF",,,Luxembourg
Maurice Deville,3,28,3,0,2,241,2,0,"FW,MF",1,0,Luxembourg
Maxime Chanot,5,31,5,0,1,450,1,0,DF,0,0,Luxembourg
Olivier Thill,5,24,6,0,2,430,2,0,MF,1,0,Luxembourg
Ralph Schon,0,31,0,,,,,,GK,,,Luxembourg
Stefano Bensi,0,32,3,0,0,63,0,0,"FW,MF",0,0,Luxembourg
Tim Hall,1,23,1,0,0,90,0,0,DF,0,0,Luxembourg
Tim Kips,0,20,0,,,,,,GK,,,Luxembourg
Vahid Selimović,1,23,1,0,0,90,0,0,DF,0,0,Luxembourg
Vincent Thill,6,20,6,0,2,514,2,0,MF,0,0,Luxembourg
Algis Jankauskas,1,38,1,0,0,45,0,0,DF,0,0,Lithuania
Artūras Žulpa,2,30,4,0,1,235,1,0,MF,0,0,Lithuania
Arvydas Novikovas,4,30,4,1,2,360,2,1,"FW,MF",0,2,Lithuania
Deimantas Petravičius,0,25,2,0,0,46,0,0,"FW,MF",0,0,Lithuania
Deivydas Matulevičius,1,31,3,0,0,110,0,0,FW,0,0,Lithuania
Domantas Šimkus,5,24,7,0,1,516,1,0,MF,0,0,Lithuania
Donatas Kazlauskas,0,26,4,0,1,40,1,0,MF,0,1,Lithuania
Džiugas Bartkus,2,31,2,0,0,180,0,0,GK,0,0,Lithuania
Edvinas Girdvainis,5,28,5,0,0,450,0,0,DF,0,0,Lithuania
Egidijus Vaitkūnas,0,32,0,,,,,,DF,,,Lithuania
Emilijus Zubas,1,30,1,0,0,90,0,0,GK,0,0,Lithuania
Ernestas Šetkus,2,35,2,0,0,180,0,0,GK,0,0,Lithuania
Fiodor Černych,4,29,4,0,0,307,0,0,"FW,MF",0,0,Lithuania
Giedrius Matulevičius,1,23,1,0,0,63,0,0,MF,0,0,Lithuania
Julius Kasparavičius,0,25,0,,,,,,FW,,,Lithuania
Justas Lasickas,1,23,3,0,0,125,0,0,FW,0,0,Lithuania
Justinas Marazas,0,20,0,0,,,,0,MF,,,Lithuania
Karolis Chvedukas,0,29,1,0,1,45,1,0,MF,0,0,Lithuania
Karolis Laukžemis,3,28,6,0,3,302,3,0,FW,1,0,Lithuania
Linas Klimavičius,4,31,4,0,1,360,1,0,DF,0,0,Lithuania
Mantas Kuklys,2,33,3,0,0,153,0,0,MF,1,0,Lithuania
Marius Adamonis,0,23,0,,,,,,GK,,,Lithuania
Markus Palionis,5,33,5,0,1,450,1,0,"DF,MF",0,0,Lithuania
Modestas Vorobjovas,5,25,5,0,2,449,2,0,MF,1,0,Lithuania
Nerijus Valskis,1,33,2,0,0,68,0,0,"FW,MF",0,0,Lithuania
Ovidijus Verbickas,4,27,4,0,0,313,0,0,MF,0,0,Lithuania
Paulius Golubickas,5,21,5,0,1,322,1,0,FW,0,0,Lithuania
Rolandas Baravykas,2,25,2,0,0,180,0,0,DF,0,0,Lithuania
Saulius Mikoliūnas,6,36,6,0,3,491,3,0,"FW,MF",0,0,Lithuania
Tomas Švedkauskas,0,26,0,,,,,,GK,,,Lithuania
Vaidas Slavickas,0,34,0,0,,,,0,"DF,MF",,,Lithuania
Vykintas Slivka,4,25,5,0,0,398,0,0,MF,0,0,Lithuania
Vytas Andriuškevičius,5,30,5,0,0,422,0,0,DF,0,1,Lithuania
Vytautas Černiauskas,2,31,2,0,0,180,0,0,GK,0,0,Lithuania
Bernd Leno,0,28,0,,,,,,GK,,,Germany
Emre Can,2,27,3,0,0,108,0,0,"DF,MF",0,0,Germany
Jonas Hector,1,30,1,0,0,90,0,0,"DF,MF",2,0,Germany
Jonathan Tah,3,24,4,0,0,320,0,0,DF,0,0,Germany
Joshua Kimmich,7,25,7,0,1,630,1,0,"DF,MF",2,0,Germany
Julian Brandt,3,24,6,0,0,308,0,0,"FW,MF",1,1,Germany
Julian Draxler,0,27,2,0,0,56,0,0,"FW,MF",2,0,Germany
Kai Havertz,1,21,3,0,0,141,0,0,"FW,MF",2,0,Germany
Kevin Trapp,0,30,0,,,,,,GK,,,Germany
Leon Goretzka,3,25,4,0,0,262,0,0,MF,0,4,Germany
Leroy Sané,2,25,2,0,0,180,0,0,"FW,MF",1,2,Germany
Luca Waldschmidt,1,24,2,0,0,72,0,0,FW,0,0,Germany
Lukas Klostermann,6,24,6,0,0,515,0,0,DF,2,0,Germany
Manuel Neuer,6,34,6,0,0,540,0,0,GK,0,0,Germany
Marc-André ter Stegen,1,28,1,0,0,90,0,0,GK,0,0,Germany
Marcel Halstenberg,2,29,3,0,0,225,0,0,DF,1,1,Germany
Marco Reus,5,31,5,0,0,364,0,0,"FW,MF",1,3,Germany
Matthias Ginter,5,27,5,0,0,394,0,0,"DF,MF",2,1,Germany
Nadiem Amiri,0,24,2,0,0,13,0,0,MF,0,0,Germany
Nico Schulz,4,27,4,0,0,315,0,0,"DF,MF",0,0,Germany
Niklas Stark,0,25,1,0,0,25,0,0,"DF,MF",0,0,Germany
Niklas Süle,5,25,5,0,0,450,0,0,DF,0,0,Germany
Robin Koch,1,24,1,0,1,90,1,0,"DF,MF",0,0,Germany
Sebastian Rudy,0,30,1,0,0,,0,0,MF,0,0,Germany
Serge Gnabry,6,25,6,0,1,506,1,0,"FW,MF",1,7,Germany
Suat Serdar,0,23,2,0,0,30,0,0,MF,0,0,Germany
Sven Ulreich,0,32,0,,,,,,GK,,,Germany
Thilo Kehrer,1,24,1,0,0,90,0,0,DF,1,0,Germany
Timo Werner,3,24,5,0,0,246,0,0,"FW,MF",0,2,Germany
Toni Kroos,4,31,4,1,0,360,0,1,MF,2,3,Germany
İlkay Gündoğan,5,30,6,1,0,433,0,1,MF,2,3,Germany
Calvin Stengs,1,22,1,0,0,90,0,0,"FW,MF",2,0,Netherlands
Daley Blind,5,30,5,0,0,450,0,0,"DF,MF",1,0,Netherlands
Davy Pröpper,2,29,4,0,0,266,0,0,MF,0,0,Netherlands
Denzel Dumfries,2,24,2,0,0,136,0,0,DF,0,0,Netherlands
Donny van de Beek,2,23,3,0,0,181,0,0,MF,0,0,Netherlands
Donyell Malen,2,22,4,0,0,209,0,0,FW,1,1,Netherlands
Frenkie de Jong,6,23,6,0,1,506,1,0,MF,1,1,Netherlands
Georginio Wijnaldum,5,30,5,0,0,450,0,0,MF,1,7,Netherlands
Jasper Cillessen,6,31,6,0,0,540,0,0,GK,0,0,Netherlands
Jeroen Zoet,0,30,0,,,,,,GK,,,Netherlands
Joël Veltman,3,29,3,0,2,270,2,0,DF,0,0,Netherlands
Justin Kluivert,0,21,0,,,,,,"FW,MF",,,Netherlands
Kenneth Vermeer,0,35,0,,,,,,GK,,,Netherlands
Kevin Strootman,0,30,2,0,0,21,0,0,MF,1,0,Netherlands
Luuk de Jong,1,30,5,0,0,143,0,0,FW,0,1,Netherlands
Marco Bizot,0,29,0,,,,,,GK,,,Netherlands
Marten de Roon,3,29,4,0,2,183,2,0,MF,0,0,Netherlands
Matthijs de Ligt,6,21,6,0,0,540,0,0,DF,1,0,Netherlands
Memphis Depay,4,26,4,1,2,315,2,1,"FW,MF",3,3,Netherlands
Myron Boadu,0,20,1,0,0,45,0,0,FW,0,1,Netherlands
Nathan Aké,1,25,3,0,0,99,0,0,"DF,MF",0,1,Netherlands
Patrick van Aanholt,1,30,1,0,0,90,0,0,DF,0,0,Netherlands
Quincy Promes,4,29,4,0,0,336,0,0,"FW,MF",2,0,Netherlands
Ryan Babel,4,34,5,0,0,322,0,0,"FW,MF",1,2,Netherlands
Stefan de Vrij,0,28,0,,,,,,DF,,,Netherlands
Steven Berghuis,1,29,2,0,0,92,0,0,"FW,MF",0,0,Netherlands
Steven Bergwijn,2,23,2,0,0,179,0,0,FW,1,0,Netherlands
Tonny Vilhena,0,26,0,,,,,,MF,,,Netherlands
Virgil van Dijk,5,29,5,0,0,450,0,0,DF,0,0,Netherlands
Wout Weghorst,0,28,1,0,0,27,0,0,FW,0,0,Netherlands
Bailey Peacock-Farrell,6,24,6,0,1,540,1,0,GK,0,0,Northern Ireland
Ciaron Brown,0,23,0,,,,,,DF,,,Northern Ireland
Conor Hazard,0,22,0,,,,,,GK,,,Northern Ireland
Conor McLaughlin,0,29,1,0,0,25,0,0,DF,0,0,Northern Ireland
Conor Washington,2,28,3,0,0,200,0,0,FW,0,1,Northern Ireland
Corry Evans,5,30,5,0,0,381,0,0,"DF,MF",0,0,Northern Ireland
Craig Cathcart,6,31,6,0,0,540,0,0,DF,0,0,Northern Ireland
Gareth McAuley,0,41,0,,,,,,DF,,,Northern Ireland
Gavin Whyte,2,25,3,0,0,211,0,0,"FW,MF",0,0,Northern Ireland
George Saville,5,27,6,0,2,391,2,0,MF,0,0,Northern Ireland
Jamal Lewis,4,23,4,0,1,351,1,0,DF,0,0,Northern Ireland
Jonny Evans,5,33,5,0,2,450,2,0,DF,0,0,Northern Ireland
Jordan Jones,1,26,2,0,0,116,0,0,"FW,MF",1,0,Northern Ireland
Jordan Thompson,1,24,3,0,0,106,0,0,MF,0,0,Northern Ireland
Josh Magennis,3,30,6,0,0,293,0,0,"DF,FW",0,2,Northern Ireland
Kyle Lafferty,1,33,2,0,1,85,1,0,FW,0,0,Northern Ireland
Liam Boyce,1,29,2,0,0,58,0,0,FW,0,0,Northern Ireland
Liam Donnelly,0,24,0,,,,,,"DF,MF",,,Northern Ireland
Mark Sykes,0,23,0,,,,,,MF,,,Northern Ireland
Matty Kennedy,0,26,0,,,,,,MF,,,Northern Ireland
Michael McGovern,0,36,0,,,,,,GK,,,Northern Ireland
Michael Smith,4,32,5,0,1,366,1,0,DF,0,1,Northern Ireland
Niall McGinn,1,33,2,0,0,79,0,0,"FW,MF",0,0,Northern Ireland
Paddy McNair,6,25,6,0,1,527,1,0,"DF,MF",0,1,Northern Ireland
Shane Ferguson,2,29,2,0,0,180,0,0,"DF,MF",0,0,Northern Ireland
Shayne Lavery,0,22,2,0,0,14,0,0,MF,0,0,Northern Ireland
Steven Davis,6,36,6,1,1,540,1,2,MF,0,0,Northern Ireland
Stuart Dallas,4,29,5,0,2,394,2,0,"DF,FW",1,0,Northern Ireland
Tom Flanagan,1,29,2,0,0,93,0,0,DF,0,0,Northern Ireland
Trevor Carson,0,32,0,,,,,,GK,,,Northern Ireland
Aleh Veratsila,0,32,0,,,,,,DF,,,Belarus
Aleksandr Pavlovets,0,24,0,,,,,,DF,,,Belarus
Alyaksandr Hutar,6,31,6,0,0,540,0,0,GK,0,0,Belarus
Alyaksandr Martynovich,5,33,5,0,1,450,1,0,DF,0,0,Belarus
Alyaksandr Sachywka,0,35,0,,,,,,MF,,,Belarus
Andrey Klimovich,0,32,0,0,,,,0,GK,,,Belarus
Anton Chichkan,0,25,0,,,,,,GK,,,Belarus
Dmitriy Bessmertny,0,24,1,0,0,6,0,0,MF,0,0,Belarus
Dzmitry Baha,0,31,0,,,,,,MF,,,Belarus
Dzyanis Laptsew,3,29,5,0,0,271,0,0,FW,0,0,Belarus
Dzyanis Palyakow,6,29,6,0,0,540,0,0,DF,1,0,Belarus
Evgeni Yablonski,3,25,3,0,1,263,1,0,MF,0,0,Belarus
Igor Shitov,2,34,2,0,1,161,1,0,DF,0,0,Belarus
Ihar Stasevich,5,35,5,0,1,450,1,1,"FW,MF",1,0,Belarus
Ivan Bakhar,1,22,3,0,2,127,2,0,MF,0,0,Belarus
Ivan Maewski,5,32,5,0,0,450,0,0,MF,0,0,Belarus
Kiryl Pyachenin,0,23,0,,,,,,MF,,,Belarus
Maksim Plotnikov,0,23,0,,,,,,GK,,,Belarus
Maksim Skavysh,1,31,5,0,0,147,0,0,FW,0,1,Belarus
Maksim Valadzko,1,28,1,0,0,90,0,0,"DF,MF",0,0,Belarus
Max Ebong,0,21,1,0,0,20,0,0,FW,0,0,Belarus
Mikalay Signevich,1,28,1,0,0,64,0,0,FW,0,0,Belarus
Mikhail Gordeichuk,0,31,1,0,0,21,0,0,MF,0,0,Belarus
Nikita Korzun,1,25,2,0,2,78,2,0,MF,0,0,Belarus
Nikita Navumaw,5,31,5,0,2,450,2,0,DF,0,1,Belarus
Nikolay Zolotov,0,26,0,,,,,,DF,,,Belarus
Oleg Veretilo,1,32,2,0,0,109,0,0,DF,0,0,Belarus
Pavel Nyakhaychyk,2,32,2,0,0,174,0,0,MF,0,0,Belarus
Pavel Pawlyuchenka,0,23,0,,,,,,GK,,,Belarus
Pavel Savitski,1,26,1,0,0,59,0,0,"FW,MF",0,0,Belarus
Sergei Chernik,0,32,0,,,,,,GK,,,Belarus
Stanislaw Drahun,5,32,5,0,0,450,0,0,MF,0,1,Belarus
Syarhey Kislyak,0,33,1,0,0,45,0,0,MF,0,0,Belarus
Syarhey Matsveychyk,3,32,3,0,0,270,0,0,"DF,MF",1,0,Belarus
Syarhey Palitsevich,2,30,2,0,1,180,1,0,DF,0,0,Belarus
Valeriy Gromyko,1,24,1,0,0,57,0,0,MF,0,0,Belarus
Vitaly Lisakovich,0,22,2,0,0,29,0,0,FW,0,0,Belarus
Vladislav Klimovich,0,24,0,,,,,,FW,,,Belarus
Yahor Hatkevich,0,32,0,,,,,,GK,,,Belarus
Yevgeniy Shevchenko,0,24,1,0,0,7,0,0,FW,0,0,Belarus
Yevgeniy Shikavka,1,28,1,0,0,58,0,0,MF,0,0,Belarus
Yury Kavalyow,5,28,5,0,0,374,0,0,MF,0,0,Belarus
Zakhar Volkov,0,23,0,,,,,,DF,,,Belarus
Artjom Dmitrijev,2,32,4,0,0,164,0,0,MF,0,0,Estonia
Artur Pikk,4,27,4,0,0,360,0,0,DF,0,0,Estonia
Erik Sorga,4,21,5,0,0,372,0,0,FW,0,1,Estonia
Frank Liivak,1,24,4,0,1,152,1,0,"FW,MF",0,0,Estonia
Gert Kams,2,35,3,0,0,185,0,0,"DF,MF",0,0,Estonia
Henri Anier,0,30,0,0,,,,0,FW,,,Estonia
Henrik Ojamaa,4,29,6,0,0,375,0,0,"FW,MF",0,0,Estonia
Ilja Antonov,2,28,2,0,0,180,0,0,MF,0,0,Estonia
Joonas Tamm,5,28,6,0,2,455,2,0,"DF,FW",0,0,Estonia
Karol Mets,7,27,7,0,1,630,1,0,"DF,MF",0,0,Estonia
Ken Kallaste,3,32,3,0,0,270,0,0,"DF,MF",0,0,Estonia
Konstantin Vassiljev,6,36,6,0,0,490,0,0,MF,0,1,Estonia
Madis Vihmann,2,25,2,0,0,180,0,0,DF,0,0,Estonia
Mark Oliver Roosnupp,0,23,0,,,,,,MF,,,Estonia
Marko Meerits,0,28,0,,,,,,GK,,,Estonia
Martin Miller,0,23,1,0,0,1,0,0,MF,0,0,Estonia
Mattias Käit,4,22,7,0,0,422,0,0,MF,1,0,Estonia
Matvei Igonen,0,24,0,,,,,,GK,,,Estonia
Mihkel Ainsalu,3,24,3,0,0,268,0,0,MF,0,0,Estonia
Mihkel Aksalu,0,36,0,,,,,,GK,,,Estonia
Märten Kuusk,0,24,0,,,,,,DF,,,Estonia
Nikita Baranov,2,28,3,0,1,209,1,0,DF,0,0,Estonia
Ragnar Klavan,2,35,2,0,0,180,0,0,DF,0,0,Estonia
Rauno Sappinen,2,25,5,0,0,139,0,0,"FW,MF",0,0,Estonia
Sander Puri,1,32,1,0,0,90,0,0,MF,0,0,Estonia
Sergei Lepmets,7,33,7,0,2,630,2,0,GK,0,0,Estonia
Sergei Zenjov,6,31,7,0,0,480,0,0,"FW,MF",0,0,Estonia
Taijo Teniste,6,33,6,0,1,506,1,0,"DF,MF",0,0,Estonia
Vladislav Kreida,1,21,2,0,0,98,0,0,MF,0,0,Estonia
Vlasiy Sinyavskiy,1,24,2,0,0,94,0,0,FW,0,0,Estonia
Admir Mehmedi,3,29,4,0,0,201,0,0,"FW,MF",2,1,Switzerland
Albian Ajeti,2,23,4,0,0,195,0,0,FW,0,0,Switzerland
Breel Embolo,5,23,5,0,0,403,0,0,"FW,MF",2,0,Switzerland
Cedric Itten,1,24,2,0,0,109,0,0,"FW,MF",1,3,Switzerland
Christian Fassnacht,1,27,2,0,0,102,0,0,"FW,MF",1,1,Switzerland
Denis Zakaria,7,24,7,0,1,600,1,0,MF,1,2,Switzerland
Djibril Sow,0,23,3,0,0,36,0,0,MF,0,0,Switzerland
Edimilson Fernandes,2,24,4,0,0,236,0,0,MF,0,0,Switzerland
Eray Cömert,0,22,1,0,0,25,0,0,DF,0,0,Switzerland
Fabian Schär,5,29,5,0,1,450,1,0,DF,1,1,Switzerland
François Moubandje,0,30,0,,,,,,DF,,,Switzerland
Granit Xhaka,7,28,7,0,2,614,2,0,MF,1,1,Switzerland
Haris Seferović,3,28,3,0,0,270,0,0,FW,0,1,Switzerland
Jonas Omlin,0,27,0,,,,,,GK,,,Switzerland
Josip Drmić,0,28,1,0,0,2,0,0,FW,0,0,Switzerland
Kevin Mbabu,1,25,2,0,1,112,1,0,DF,0,0,Switzerland
Loris Benito,2,29,2,0,0,155,0,0,DF,2,1,Switzerland
Manuel Akanji,6,25,6,0,1,515,1,0,"DF,MF",0,0,Switzerland
Mario Gavranović,1,31,2,0,0,95,0,0,FW,0,1,Switzerland
Michael Lang,1,29,1,0,0,90,0,0,"DF,MF",1,0,Switzerland
Michel Aebischer,0,24,1,0,0,5,0,0,MF,0,0,Switzerland
Nico Elvedi,6,24,6,0,1,540,1,0,DF,0,0,Switzerland
Remo Freuler,2,28,4,0,0,207,0,0,MF,0,0,Switzerland
Renato Steffen,1,29,4,0,1,123,1,0,"FW,MF",0,0,Switzerland
Ricardo Rodríguez,7,28,7,0,2,628,2,1,DF,0,1,Switzerland
Ruben Vargas,2,22,3,0,0,179,0,0,"FW,MF",1,1,Switzerland
Silvan Widmer,0,27,0,,,,,,"DF,MF",,,Switzerland
Stephan Lichtsteiner,4,37,4,0,1,318,1,0,"DF,MF",0,0,Switzerland
Steven Zuber,1,29,1,0,0,90,0,0,MF,0,1,Switzerland
Timm Klose,0,32,0,,,,,,DF,,,Switzerland
Yann Sommer,7,32,7,0,0,630,0,0,GK,0,0,Switzerland
Yvon Mvogo,0,26,0,,,,,,GK,,,Switzerland
Anders Christiansen,0,30,0,,,,,,MF,,,Denmark
Andreas Christensen,5,24,7,0,0,465,0,0,DF,0,0,Denmark
Andreas Cornelius,2,27,2,0,0,123,0,0,FW,0,0,Denmark
Christian Eriksen,7,28,7,3,0,630,0,3,"FW,MF",3,5,Denmark
Christian Gytkjær,2,30,3,0,0,203,0,0,FW,0,3,Denmark
Christian Nørgaard,0,26,0,,,,,,MF,,,Denmark
Daniel Iversen,0,23,0,,,,,,GK,,,Denmark
Daniel Wass,2,31,3,0,0,208,0,0,"DF,MF",1,0,Denmark
Frederik Rønnow,0,28,0,,,,,,GK,,,Denmark
Henrik Dalsgaard,4,31,4,0,1,360,1,0,"DF,FW",1,0,Denmark
Jacob Bruun Larsen,0,22,0,,,,,,MF,,,Denmark
Jens Stryger Larsen,7,29,7,0,0,608,0,0,"DF,MF",1,0,Denmark
Jesper Hansen,0,35,0,,,,,,GK,,,Denmark
Joachim Andersen,0,24,0,,,,,,DF,,,Denmark
Jonas Knudsen,0,28,0,,,,,,DF,,,Denmark
Kasper Dolberg,2,23,5,0,0,274,0,0,FW,1,2,Denmark
Kasper Schmeichel,7,34,7,0,1,630,1,0,GK,0,0,Denmark
Lasse Schöne,4,34,6,0,2,305,2,0,MF,1,0,Denmark
Lukas Lerager,0,27,0,,,,,,MF,,,Denmark
Martin Braithwaite,5,29,7,0,0,432,0,0,"FW,MF",0,3,Denmark
Mathias Jørgensen,2,30,5,0,0,264,0,0,DF,0,0,Denmark
Nicolai Jørgensen,1,30,1,0,0,90,0,0,"FW,MF",0,0,Denmark
Peter Ankersen,1,30,2,0,0,100,0,0,DF,0,0,Denmark
Philip Billing,0,24,0,,,,,,MF,,,Denmark
Pierre Højbjerg,3,25,7,0,0,409,0,0,MF,0,1,Denmark
Riza Durmisi,0,27,0,,,,,,DF,,,Denmark
Robert Skov,3,24,3,0,0,242,0,0,"FW,MF",2,3,Denmark
Simon Kjær,7,31,7,0,1,549,1,0,DF,2,0,Denmark
Thomas Delaney,7,29,7,0,0,540,0,0,MF,0,1,Denmark
Victor Nelsson,0,22,0,,,,,,"DF,MF",,,Denmark
Yussuf Poulsen,6,26,6,0,1,498,1,0,FW,0,2,Denmark
Aaron Connolly,1,21,2,0,0,80,0,0,FW,0,0,Republic of Ireland
Aiden O'Brien,0,27,0,0,,,,0,"FW,MF",,,Republic of Ireland
Alan Browne,2,25,4,0,1,197,1,0,MF,0,0,Republic of Ireland
Alan Judge,0,32,2,0,1,56,1,0,"FW,MF",1,0,Republic of Ireland
Callum O'Dowda,0,25,1,0,0,45,0,0,MF,0,0,Republic of Ireland
Callum Robinson,3,25,5,0,0,228,0,0,"FW,MF",0,0,Republic of Ireland
Ciaran Clark,0,31,1,0,0,45,0,0,"DF,MF",0,0,Republic of Ireland
Conor Hourihane,6,29,6,0,1,502,1,0,MF,0,0,Republic of Ireland
Cyrus Christie,0,28,0,,,,,,DF,,,Republic of Ireland
Darren Randolph,7,33,7,0,0,630,0,0,GK,0,0,Republic of Ireland
David McGoldrick,5,33,5,0,0,448,0,0,FW,1,1,Republic of Ireland
Derrick Williams,0,28,1,0,0,,0,0,DF,0,0,Republic of Ireland
Enda Stevens,6,30,6,0,3,540,3,0,"DF,MF",1,0,Republic of Ireland
Glenn Whelan,5,37,5,0,2,442,2,0,MF,0,0,Republic of Ireland
Greg Cunningham,0,30,0,,,,,,"DF,MF",,,Republic of Ireland
Harry Arter,0,31,1,0,0,18,0,0,MF,0,0,Republic of Ireland
Jack Byrne,0,24,0,,,,,,MF,,,Republic of Ireland
James Collins,2,30,2,0,0,124,0,0,FW,0,0,Republic of Ireland
James McClean,7,31,7,0,2,630,2,0,"FW,MF",1,0,Republic of Ireland
James Talbot,0,23,0,,,,,,GK,,,Republic of Ireland
Jeff Hendrick,7,29,7,0,1,630,1,0,MF,0,1,Republic of Ireland
John Egan,3,28,3,0,0,225,0,0,DF,0,0,Republic of Ireland
Josh Cullen,0,24,0,,,,,,"DF,MF",,,Republic of Ireland
Keiren Westwood,0,36,0,,,,,,GK,,,Republic of Ireland
Kevin Long,0,30,0,,,,,,DF,,,Republic of Ireland
Kieran O'Hara,0,24,0,,,,,,GK,,,Republic of Ireland
Mark Travers,0,21,0,,,,,,GK,,,Republic of Ireland
Matt Doherty,3,29,3,0,0,236,0,0,"DF,MF",0,1,Republic of Ireland
Richard Keogh,4,34,4,0,0,360,0,0,DF,0,0,Republic of Ireland
Robbie Brady,1,29,3,0,0,117,0,0,"DF,FW",0,1,Republic of Ireland
Ronan Curtis,0,24,0,,,,,,MF,,,Republic of Ireland
Scott Hogan,1,28,4,0,0,103,0,0,"FW,MF",0,0,Republic of Ireland
Sean McDermott,0,27,0,,,,,,GK,,,Republic of Ireland
Seán Maguire,1,26,3,0,0,104,0,0,"FW,MF",0,0,Republic of Ireland
Shane Duffy,7,29,7,0,1,630,1,0,"DF,MF",0,1,Republic of Ireland
Séamus Coleman,6,32,6,0,2,525,2,0,"DF,MF",0,0,Republic of Ireland
Troy Parrott,0,18,0,,,,,,FW,,,Republic of Ireland
Bachana Arabuli,0,27,0,,,,,,FW,,,Georgia
Davit Khocholava,3,27,3,0,3,270,3,0,DF,0,0,Georgia
Elguja Lobjanidze,1,28,4,0,0,103,0,0,FW,0,0,Georgia
Gia Grigalava,6,31,6,0,2,540,2,0,DF,0,0,Georgia
Giorgi Aburjania,1,26,2,0,0,86,0,0,MF,0,0,Georgia
Giorgi Kharaishvili,1,24,1,0,0,61,0,0,"FW,MF",0,1,Georgia
Giorgi Kvilitaia,4,27,5,0,0,342,0,0,FW,0,1,Georgia
Giorgi Loria,7,35,7,0,0,630,0,0,GK,0,0,Georgia
Giorgi Makaridze,0,30,0,,,,,,GK,,,Georgia
Giorgi Merebashvili,1,34,1,0,0,72,0,0,MF,0,0,Georgia
Giorgi Navalovski,2,34,2,0,0,169,0,0,DF,0,0,Georgia
Giorgi Papunashvili,0,25,3,0,1,80,1,0,"DF,MF",0,1,Georgia
Giorgi Rekhviashvili,0,32,0,,,,,,DF,,,Georgia
Guram Kashia,6,33,6,0,0,540,0,0,DF,0,0,Georgia
Jaba Jighauri,0,28,0,,,,,,MF,,,Georgia
Jaba Kankava,6,34,6,0,3,527,3,0,MF,0,1,Georgia
Jano Ananidze,4,28,4,0,0,354,0,0,MF,1,0,Georgia
Jemal Tabidze,3,24,3,0,0,240,0,0,DF,0,0,Georgia
Khvicha Kvaratskhelia,1,19,1,0,0,47,0,0,MF,0,0,Georgia
Lasha Dvali,0,25,1,0,0,11,0,0,DF,0,0,Georgia
Lasha Parunashvili,1,27,1,0,0,58,0,0,MF,0,0,Georgia
Lazare Kupatadze,0,24,0,,,,,,GK,,,Georgia
Levan Kharabadze,1,21,1,0,0,90,0,0,DF,0,0,Georgia
Levan Mchedlidze,0,30,1,0,0,13,0,0,"FW,MF",0,0,Georgia
Levan Shengelia,2,25,3,0,0,197,0,0,MF,2,0,Georgia
Murtaz Daushvili,0,31,1,0,0,,0,0,MF,0,0,Georgia
Nika Kacharava,0,27,1,0,0,6,0,0,FW,0,0,Georgia
Nika Kvekveskiri,3,28,3,0,2,270,2,0,"DF,MF",0,0,Georgia
Otar Kakabadze,7,25,7,0,1,630,1,0,DF,1,0,Georgia
Otar Kiteishvili,4,24,6,0,0,385,0,0,MF,0,0,Georgia
Roin Kvaskhvadze,0,31,0,,,,,,GK,,,Georgia
Saba Lobzhanidze,1,26,2,0,0,106,0,0,MF,0,1,Georgia
Solomon Kvirkvelia,0,28,2,0,0,30,0,0,DF,0,0,Georgia
Tornike Okriashvili,2,28,2,0,0,169,0,0,MF,0,0,Georgia
Vakhtang Chanturishvili,0,27,0,,,,,,MF,,,Georgia
Valeri Qazaishvili,5,28,5,0,0,450,0,0,"FW,MF",0,0,Georgia
Valerian Gvilia,3,26,5,0,2,279,2,0,MF,2,1,Georgia
Vato Arveladze,1,22,1,1,0,90,0,1,FW,0,1,Georgia
Zuriko Davitashvili,1,19,1,0,0,85,0,0,MF,0,0,Georgia
Adam Priestley,0,30,1,0,0,26,0,0,FW,0,0,Gibraltar
Alain Pons,1,25,7,0,0,175,0,0,MF,0,0,Gibraltar
Andrew Hernandez,3,22,5,0,1,257,1,0,MF,0,0,Gibraltar
Anthony Bardon,2,28,3,0,0,248,0,0,MF,0,0,Gibraltar
Anthony Hernandez,4,25,4,0,0,347,0,0,"FW,MF",0,0,Gibraltar
Aymen Mouelhi,3,34,3,0,0,246,0,0,DF,0,0,Gibraltar
Brad Power,0,28,0,,,,,,DF,,,Gibraltar
Bradley Banda,0,23,0,,,,,,GK,,,Gibraltar
Dayle Coleing,3,24,3,0,0,205,0,0,GK,0,0,Gibraltar
Erin Barnett,1,24,5,0,0,171,0,0,DF,0,0,Gibraltar
Ethan Britto,5,20,6,0,1,408,1,0,DF,1,0,Gibraltar
Ethan Jolley,0,23,2,0,0,21,0,0,DF,0,0,Gibraltar
Ethan Santos,0,22,0,,,,,,DF,,,Gibraltar
Jack Sergeant,8,25,8,0,2,713,2,0,DF,0,0,Gibraltar
Jamie Coombes,0,24,3,0,0,73,0,0,FW,0,0,Gibraltar
Jared Buhagiar,0,28,0,,,,,,DF,,,Gibraltar
Jason Pusey,0,31,0,,,,,,DF,,,Gibraltar
Jayce Olivero,7,22,7,0,3,630,3,0,DF,0,0,Gibraltar
Jean-Carlos Garcia,0,35,0,,,,,,DF,,,Gibraltar
Joseph Chipolina,8,33,8,0,2,712,2,0,"DF,MF",0,0,Gibraltar
Kyle Goldwin,5,35,6,0,0,515,0,0,GK,0,0,Gibraltar
Lee Casciaro,6,39,6,0,1,406,1,0,FW,0,1,Gibraltar
Liam Walker,8,32,8,0,1,720,1,0,MF,0,0,Gibraltar
Louie Annesley,5,20,5,0,0,375,0,0,DF,0,0,Gibraltar
Matt Cafer,0,26,0,,,,,,GK,,,Gibraltar
Mohammed Badr,3,31,3,0,1,232,1,0,MF,0,0,Gibraltar
Reece Styche,0,31,2,0,1,46,1,0,FW,0,1,Gibraltar
Roy Chipolina,8,38,8,0,1,720,1,0,"DF,MF",0,1,Gibraltar
Tjay De Barr,8,20,8,0,1,674,1,0,MF,0,0,Gibraltar
Alen Halilović,0,24,0,,,,,,MF,,,Croatia
Andrej Kramarić,1,29,1,0,0,90,0,0,"FW,MF",0,0,Croatia
Ante Rebić,4,27,5,0,1,326,1,0,"FW,MF",1,0,Croatia
Borna Barišić,6,28,6,0,1,540,1,0,DF,1,0,Croatia
Bruno Petković,5,26,5,0,1,417,1,0,FW,1,4,Croatia
Dario Melnjak,0,28,0,,,,,,DF,,,Croatia
Dejan Lovren,5,31,5,0,2,450,2,0,DF,0,1,Croatia
Dino Perić,1,26,1,0,0,90,0,0,DF,1,0,Croatia
Domagoj Vida,5,31,5,0,3,450,3,0,"DF,MF",0,0,Croatia
Dominik Livaković,6,26,6,0,0,540,0,0,GK,0,0,Croatia
Duje Ćaleta-Car,1,24,1,0,1,90,1,0,DF,0,0,Croatia
Filip Benković,0,23,0,,,,,,DF,,,Croatia
Filip Bradarić,0,29,0,,,,,,MF,,,Croatia
Ivan Perišić,6,31,6,0,0,503,0,1,"FW,MF",1,3,Croatia
Ivan Rakitić,1,32,2,0,1,119,1,0,MF,0,0,Croatia
Josip Brekalo,2,22,6,0,1,256,1,0,"FW,MF",0,0,Croatia
Josip Juranović,0,25,0,,,,,,MF,,,Croatia
Karlo Bartolec,2,25,2,0,0,166,0,0,"DF,MF",0,0,Croatia
Lovre Kalinić,0,30,0,0,,,,0,GK,,,Croatia
Luka Modrić,6,35,6,1,1,517,1,1,MF,1,2,Croatia
Marcelo Brozović,5,28,5,0,3,450,3,0,MF,2,0,Croatia
Mario Pašalić,0,25,2,0,0,30,0,0,MF,0,0,Croatia
Marko Rog,0,25,0,,,,,,MF,,,Croatia
Matej Mitrović,0,27,0,,,,,,DF,,,Croatia
Mateo Kovačić,2,26,4,0,0,159,0,0,MF,0,0,Croatia
Mijo Caktaš,0,28,0,,,,,,MF,,,Croatia
Milan Badelj,0,31,3,0,0,22,0,0,MF,0,0,Croatia
Mile Škorić,0,29,1,0,0,,0,0,MF,0,0,Croatia
Mislav Oršić,0,28,2,0,0,12,0,0,"FW,MF",0,0,Croatia
Nikola Vlašić,4,23,5,0,0,353,0,0,"FW,MF",0,3,Croatia
Simon Sluga,0,27,0,,,,,,GK,,,Croatia
Tin Jedvaj,4,25,4,0,1,360,1,0,DF,0,0,Croatia
Aaron Ramsey,1,30,2,0,0,120,0,0,MF,0,2,Wales
Adam Davies,0,28,0,,,,,,GK,,,Wales
Ashley Williams,1,36,2,0,0,108,0,0,DF,0,0,Wales
Ben Davies,7,27,8,0,1,640,1,0,DF,1,0,Wales
Ben Woodburn,0,21,0,,,,,,"FW,MF",,,Wales
Chris Gunter,1,31,1,0,1,90,1,0,"DF,MF",0,0,Wales
Chris Mepham,5,23,5,0,1,450,1,0,DF,0,0,Wales
Connor Roberts,7,25,7,0,0,630,0,0,DF,0,0,Wales
Daniel James,8,23,8,0,3,683,3,0,"FW,MF",1,1,Wales
Danny Ward,0,27,0,,,,,,GK,,,Wales
David Brooks,2,23,3,0,1,158,1,0,MF,0,1,Wales
Declan John,0,25,0,,,,,,DF,,,Wales
Dylan Levitt,0,20,0,,,,,,MF,,,Wales
Ethan Ampadu,5,20,7,0,2,388,2,0,MF,0,0,Wales
Gareth Bale,8,31,8,0,2,688,2,0,"FW,MF",1,2,Wales
George Thomas,0,23,0,,,,,,"FW,MF",,,Wales
Harry Wilson,4,23,8,0,1,395,1,0,"FW,MF",1,1,Wales
James Lawrence,3,28,3,0,1,270,1,0,DF,0,0,Wales
Joe Allen,7,30,7,0,3,630,3,0,MF,0,0,Wales
Joe Morrell,2,24,4,0,1,212,1,0,"FW,MF",0,0,Wales
Joe Rodon,3,23,3,0,0,270,0,0,DF,0,0,Wales
Jonny Williams,2,27,3,0,1,161,1,0,MF,0,0,Wales
Kieffer Moore,4,28,4,0,1,356,1,0,"DF,FW",1,2,Wales
Matthew Smith,2,21,3,0,0,191,0,0,MF,0,0,Wales
Neil Taylor,1,31,1,0,0,80,0,0,DF,0,0,Wales
Paul Dummett,0,29,0,,,,,,DF,,,Wales
Rabbi Matondo,0,20,2,0,1,19,1,0,FW,0,0,Wales
Ryan Hedges,0,25,0,,,,,,"FW,MF",,,Wales
Sam Vokes,0,31,2,0,0,26,0,0,FW,0,0,Wales
Tom King,0,25,0,,,,,,GK,,,Wales
Tom Lawrence,2,27,2,0,0,169,0,0,"FW,MF",0,0,Wales
Tom Lockyer,4,26,4,0,1,360,1,0,"DF,MF",0,0,Wales
Tyler Roberts,0,22,2,0,0,34,0,0,"FW,MF",0,0,Wales
Wayne Hennessey,8,34,8,0,0,720,0,0,GK,0,0,Wales
Will Vaulks,1,27,3,0,0,72,0,0,"DF,MF",0,0,Wales
Albert Rusnák,6,26,6,0,0,468,0,0,"FW,MF",0,0,Slovakia
Branislav Niňaj,0,26,0,,,,,,DF,,,Slovakia
Denis Vavro,5,24,5,0,2,450,2,0,DF,1,0,Slovakia
Dominik Greif,0,23,0,,,,,,GK,,,Slovakia
Dominik Holec,0,26,0,,,,,,GK,,,Slovakia
Dávid Hancko,7,23,7,0,0,630,0,0,DF,0,1,Slovakia
Jaroslav Mihalík,0,26,0,0,,,,0,"FW,MF",,,Slovakia
Juraj Kucka,7,33,7,0,1,582,1,0,MF,1,2,Slovakia
Ján Greguš,0,30,2,0,0,11,0,0,MF,0,0,Slovakia
Lukáš Haraslín,1,24,6,0,1,144,1,0,"FW,MF",0,0,Slovakia
Lukáš Štetina,0,29,0,,,,,,DF,,,Slovakia
László Bénes,0,23,0,,,,,,MF,,,Slovakia
Marek Hamšík,7,33,7,0,1,626,1,0,MF,1,3,Slovakia
Marek Rodák,0,24,0,,,,,,GK,,,Slovakia
Martin Chrien,0,25,0,,,,,,MF,,,Slovakia
Martin Dúbravka,7,32,7,0,1,630,1,0,GK,0,0,Slovakia
Martin Valjent,1,25,1,0,0,90,0,0,"DF,MF",0,0,Slovakia
Matúš Bero,1,25,1,0,0,90,0,0,MF,0,0,Slovakia
Matúš Kozáčik,0,37,0,,,,,,GK,,,Slovakia
Michal Ďuriš,0,32,5,0,1,86,1,0,"FW,MF",0,0,Slovakia
Milan Škriniar,7,25,7,0,1,630,1,0,"DF,MF",0,0,Slovakia
Miroslav Stoch,0,31,1,0,1,21,1,0,"FW,MF",0,0,Slovakia
Nikolas Špalek,0,23,0,,,,,,MF,,,Slovakia
Norbert Gyömbér,2,28,2,0,2,177,2,0,"DF,MF",0,0,Slovakia
Ondrej Duda,2,26,4,0,0,179,0,0,MF,1,0,Slovakia
Patrik Hrošovský,0,28,1,0,0,11,0,0,MF,0,0,Slovakia
Pavol Šafranko,0,26,2,0,0,4,0,0,FW,0,0,Slovakia
Peter Pekarík,5,34,5,0,0,450,0,0,DF,0,0,Slovakia
Róbert Boženík,5,21,6,0,0,428,0,0,FW,0,3,Slovakia
Róbert Mak,6,29,6,0,3,468,3,0,"FW,MF",1,1,Slovakia
Róbert Mazáň,0,26,0,,,,,,"DF,MF",,,Slovakia
Samuel Mráz,0,23,1,0,0,13,0,0,FW,0,0,Slovakia
Stanislav Lobotka,7,26,7,0,1,624,1,0,MF,2,1,Slovakia
Ľubomír Šatka,1,25,1,0,1,90,1,0,DF,0,0,Slovakia
Attila Szalai,0,23,0,,,,,,MF,,,Hungary
Balázs Dzsudzsák,6,34,6,0,1,449,1,0,"FW,MF",1,0,Hungary
Barnabás Bese,0,26,2,0,0,67,0,0,"DF,FW",0,0,Hungary
Bence Pávkovics,0,23,0,,,,,,DF,,,Hungary
Botond Baráth,5,28,5,0,2,449,2,0,DF,1,0,Hungary
Dominik Nagy,1,25,3,0,0,139,0,0,MF,0,0,Hungary
Dominik Szoboszlai,5,20,5,0,2,397,2,0,MF,0,1,Hungary
Dániel Gazdag,0,24,0,,,,,,MF,,,Hungary
Dávid Holman,1,27,3,0,0,136,0,0,MF,0,1,Hungary
Dávid Sigér,0,30,1,0,0,4,0,0,MF,0,0,Hungary
Dénes Dibusz,0,30,0,,,,,,GK,,,Hungary
Endre Botka,0,26,0,,,,,,DF,,,Hungary
Filip Holender,1,26,3,0,0,71,0,0,FW,0,0,Hungary
Gergő Lovrencsics,6,32,6,0,2,480,2,0,"DF,FW",0,0,Hungary
István Kovács,1,28,2,0,1,116,1,0,MF,0,0,Hungary
János Ferenczi,0,29,0,,,,,,MF,,,Hungary
Krisztián Németh,0,32,1,0,1,4,1,0,FW,0,0,Hungary
László Kleinheisler,3,26,4,0,3,232,3,0,MF,1,0,Hungary
Mihály Korhut,4,32,4,0,2,360,2,0,DF,0,1,Hungary
Máté Pátkai,2,32,4,0,3,223,3,0,MF,0,1,Hungary
Máté Vida,2,24,2,0,0,180,0,0,MF,0,0,Hungary
Paulo Vinícius,0,30,0,,,,,,DF,,,Hungary
Péter Gulácsi,6,30,6,0,0,540,0,0,GK,0,0,Hungary
Roland Sallai,4,23,4,0,0,339,0,0,"FW,MF",0,0,Hungary
Roland Varga,0,31,3,0,0,63,0,0,"FW,MF",0,0,Hungary
Róbert Feczesin,0,34,0,,,,,,FW,,,Hungary
Tamás Kádár,2,30,2,0,0,135,0,0,DF,0,0,Hungary
Willi Orban,5,28,5,0,0,450,0,0,DF,0,2,Hungary
Zsolt Kalmár,0,25,0,0,,,,0,MF,,,Hungary
Zsolt Nagy,1,27,1,0,0,90,0,0,MF,0,0,Hungary
Ádám Kovácsik,0,29,0,,,,,,GK,,,Hungary
Ádám Lang,1,28,2,0,0,135,0,0,DF,0,0,Hungary
Ádám Nagy,4,25,4,0,2,305,2,0,MF,0,0,Hungary
Ádám Szalai,6,33,6,0,1,540,1,0,FW,0,0,Hungary
Abbas Huseynov,1,25,1,0,0,90,0,0,DF,0,0,Azerbaijan
Aghabala Ramazanov,2,28,5,0,0,207,0,0,FW,1,0,Azerbaijan
Aleksei Isayev,0,25,0,,,,,,MF,,,Azerbaijan
Anton Krivotsyuk,6,22,6,0,3,478,3,0,DF,0,0,Azerbaijan
Araz Abdullayev,2,28,4,0,0,201,0,0,MF,0,0,Azerbaijan
Badavi Huseynov,5,29,5,0,1,450,1,0,DF,0,0,Azerbaijan
Bəhlul Mustafazadə,5,23,5,0,1,450,1,0,DF,0,0,Azerbaijan
Dimitrij Nazarov,4,30,4,0,4,344,4,0,"FW,MF",0,0,Azerbaijan
Eddy Silvestre,2,28,2,0,2,135,2,0,MF,0,0,Azerbaijan
Eli Babayev,0,30,0,,,,,,FW,,,Azerbaijan
Elvin Camalov,0,25,1,0,0,45,0,0,MF,0,0,Azerbaijan
Emil Balayev,4,26,4,0,0,360,0,0,GK,0,0,Azerbaijan
Emin Mahmudov,0,28,2,0,0,41,0,0,MF,0,0,Azerbaijan
Gara Garayev,7,28,7,0,1,630,1,0,"DF,MF",0,0,Azerbaijan
Javid Huseynov,2,32,4,0,3,171,3,0,"FW,MF",0,0,Azerbaijan
Mahir Madatov,3,23,4,0,0,283,0,0,"FW,MF",0,2,Azerbaijan
Maksim Medvedev,4,31,4,0,2,360,2,0,DF,0,0,Azerbaijan
Mekhti Dzhenetov,0,29,0,,,,,,GK,,,Azerbaijan
Məhəmmədəliyev Şahruddin Maqomedoviç,0,26,0,,,,,,GK,,,Azerbaijan
Namik Alaskarov,0,25,0,,,,,,MF,,,Azerbaijan
Pavlo Pashayev,4,33,4,0,0,315,0,0,DF,0,0,Azerbaijan
Rahil Məmmədov,1,25,1,0,0,90,0,0,DF,0,0,Azerbaijan
Ramil Sheydayev,7,24,7,0,1,630,1,0,FW,0,1,Azerbaijan
Rashad Eyyubov,1,28,3,0,0,100,0,0,FW,0,0,Azerbaijan
Renat Dadaşov,1,21,4,0,0,76,0,0,FW,0,0,Azerbaijan
Richard Almeida,5,31,5,0,1,397,1,0,MF,0,0,Azerbaijan
Rufat Dadashov,0,29,1,0,0,4,0,0,FW,0,0,Azerbaijan
Salahat Aghayev,3,30,3,0,0,270,0,0,GK,0,0,Azerbaijan
Tamkin Khalilzade,1,27,5,0,2,190,2,0,MF,0,1,Azerbaijan
Vüsal İsgəndərli,1,25,1,0,0,90,0,0,MF,0,0,Azerbaijan
Ömər Buludov,0,22,0,,,,,,DF,,,Azerbaijan
Şəhriyar Rəhimov,6,32,6,0,2,523,2,0,MF,0,0,Azerbaijan
Şəhriyar Əliyev,0,28,0,,,,,,DF,,,Azerbaijan
Dani Carvajal,4,29,4,0,0,351,0,0,DF,0,0,Spain
Dani Ceballos,3,24,3,0,1,230,1,0,MF,0,0,Spain
Dani Olmo,0,22,1,0,0,24,0,0,"FW,MF",0,1,Spain
Daniel Parejo,2,31,2,0,0,180,0,0,MF,0,0,Spain
David de Gea,2,30,2,0,0,150,0,0,GK,0,0,Spain
Diego Llorente,1,27,3,0,0,125,0,0,DF,0,0,Spain
Fabián Ruiz Peña,5,24,6,0,2,466,2,0,MF,1,1,Spain
Gerard Moreno,3,28,3,0,0,237,0,0,FW,3,3,Spain
Iago Aspas,1,33,1,0,0,56,0,0,FW,1,0,Spain
Iker Muniain,0,28,1,0,0,34,0,0,"FW,MF",0,0,Spain
Isco,2,28,2,0,0,164,0,0,"FW,MF",1,0,Spain
Iñigo Martínez,3,29,4,0,0,270,0,0,DF,0,0,Spain
Jaime Mata,0,32,0,0,,,,0,FW,,,Spain
Jesús Navas,4,35,6,0,1,394,1,0,DF,1,2,Spain
Jordi Alba,2,31,2,0,1,180,1,0,DF,1,0,Spain
José Luis Gayà,4,25,4,0,0,360,0,0,"DF,MF",2,1,Spain
Juan Bernat,4,27,4,0,0,324,0,0,DF,1,0,Spain
Kepa Arrizabalaga,6,26,7,0,2,570,2,0,GK,0,0,Spain
Luis Alberto,0,28,0,,,,,,"FW,MF",,,Spain
Marco Asensio,2,25,3,0,0,189,0,0,"FW,MF",1,0,Spain
Mario Hermoso,3,25,4,0,0,276,0,0,DF,1,0,Spain
Mikel Oyarzabal,3,23,6,0,0,299,0,0,FW,0,2,Spain
Pablo Sarabia,1,28,3,0,0,126,0,0,"FW,MF",0,1,Spain
Paco Alcácer,1,27,4,0,0,173,0,0,FW,1,3,Spain
Pau López,1,26,1,0,0,90,0,0,GK,0,0,Spain
Pau Torres,0,24,1,0,0,29,0,0,DF,0,1,Spain
Raúl Albiol,3,35,4,0,0,297,0,0,DF,0,0,Spain
Rodri,5,24,6,0,1,462,1,0,MF,0,0,Spain
Rodrigo,4,29,6,0,1,357,1,0,MF,0,3,Spain
Santi Cazorla,3,36,4,0,0,237,0,0,MF,1,1,Spain
Saúl Ñíguez,4,26,4,0,1,335,1,0,MF,0,1,Spain
Sergi Gómez,0,28,0,,,,,,DF,,,Spain
Sergi Roberto,2,28,2,0,0,180,0,0,"DF,MF",0,0,Spain
Sergio Busquets,4,32,4,0,2,360,2,0,MF,2,0,Spain
Sergio Canales,1,29,1,0,0,90,0,0,MF,0,0,Spain
Sergio Ramos,8,34,8,3,3,613,3,3,DF,0,3,Spain
Sergio Reguilón,0,24,0,,,,,,DF,,,Spain
Suso,1,27,1,0,0,68,0,0,"FW,MF",0,0,Spain
Thiago Alcántara,3,29,3,0,1,246,1,0,MF,3,0,Spain
Unai Núñez,0,24,1,0,0,6,0,0,DF,0,0,Spain
Álvaro Morata,4,28,5,1,0,350,0,1,FW,0,4,Spain
Albin Ekdal,7,31,7,0,1,547,1,0,MF,1,0,Sweden
Alexander Fransson,0,26,0,,,,,,MF,,,Sweden
Alexander Isak,3,21,8,0,0,331,0,0,FW,0,3,Sweden
Alexander Milošević,0,29,0,,,,,,"DF,MF",,,Sweden
Andreas Granqvist,5,35,5,0,0,450,0,1,DF,0,0,Sweden
Dejan Kulusekvski,0,20,1,0,0,25,0,0,MF,0,0,Sweden
Emil Forsberg,6,29,6,0,0,540,0,0,MF,1,1,Sweden
Emil Krafth,0,26,1,0,0,45,0,0,DF,0,0,Sweden
Filip Helander,3,27,3,0,0,270,0,0,DF,1,0,Sweden
Gustav Svensson,0,33,5,0,0,87,0,0,MF,0,0,Sweden
Jakob Johansson,0,30,1,0,0,63,0,0,MF,0,0,Sweden
Jimmy Durmaz,0,31,1,0,0,17,0,0,MF,0,0,Sweden
John Guidetti,0,28,2,0,0,30,0,0,FW,0,1,Sweden
Karl-Johan Johnsson,0,31,0,,,,,,GK,,,Sweden
Ken Sema,1,27,1,0,0,65,0,0,MF,0,0,Sweden
Kristoffer Nordfeldt,1,31,1,0,0,90,0,0,GK,0,0,Sweden
Kristoffer Olsson,7,25,8,0,1,634,1,0,MF,0,0,Sweden
Ludwig Augustinsson,2,26,2,0,0,180,0,0,"DF,MF",0,0,Sweden
Marcus Berg,6,34,7,0,1,508,1,0,FW,2,2,Sweden
Marcus Danielsson,2,31,2,0,0,180,0,0,DF,1,1,Sweden
Mattias Svanberg,1,22,1,0,1,90,1,0,MF,1,1,Sweden
Mikael Lustig,7,34,7,0,0,585,0,0,DF,1,0,Sweden
Muamer Tanković,1,25,1,0,0,90,0,0,MF,0,0,Sweden
Niklas Hult,0,30,0,,,,,,"DF,MF",,,Sweden
Per Karlsson,0,35,0,,,,,,DF,,,Sweden
Pierre Bengtsson,5,32,5,0,0,450,0,0,DF,1,0,Sweden
Pontus Jansson,3,29,3,0,1,270,1,0,DF,0,0,Sweden
Riccardo Gagliolo,1,30,1,0,0,90,0,0,DF,0,0,Sweden
Robin Olsen,7,31,7,0,0,630,0,0,GK,0,0,Sweden
Robin Quaison,7,27,7,0,1,580,1,0,FW,1,3,Sweden
Seb Larsson,6,35,7,2,2,507,2,2,MF,2,2,Sweden
Sebastian Andersson,1,29,4,0,0,89,0,0,FW,0,1,Sweden
Victor Lindelöf,4,26,4,0,2,360,2,0,DF,0,1,Sweden
Viktor Claesson,2,29,2,0,0,117,0,0,"FW,MF",0,1,Sweden
Alexander Sørloth,2,25,4,0,0,252,0,0,FW,0,4,Norway
André Hansen,1,31,1,0,0,90,0,0,GK,0,0,Norway
Birger Meling,1,26,1,0,0,90,0,0,DF,0,0,Norway
Bjørn Johnsen,1,29,4,0,0,152,0,0,FW,0,2,Norway
Erling Braut Håland,1,20,2,0,0,80,0,0,MF,0,0,Norway
Even Hovland,2,31,3,0,0,240,0,0,DF,1,0,Norway
Fredrik Midtsjø,0,27,1,0,0,9,0,0,MF,0,0,Norway
Fredrik Ulvestad,0,28,2,0,0,7,0,0,"DF,MF",0,0,Norway
Haitam Aleesami,7,29,7,0,0,630,0,0,DF,0,0,Norway
Håvard Nordtveit,5,30,5,0,0,390,0,0,DF,0,0,Norway
Iver Fossum,2,24,2,0,0,180,0,0,MF,1,1,Norway
Jakob Glesnes,0,26,0,,,,,,DF,,,Norway
Jonas Svensson,1,27,1,0,0,65,0,0,"DF,MF",0,0,Norway
Joshua King,7,29,7,3,2,585,2,4,FW,2,3,Norway
Kristoffer Ajer,6,22,6,0,0,540,0,0,"DF,MF",0,0,Norway
Markus Henriksen,7,28,7,0,1,551,1,0,MF,0,0,Norway
Martin Ødegaard,6,22,6,0,0,540,0,0,MF,1,1,Norway
Mathias Normann,0,24,2,0,0,23,0,0,"DF,MF",1,0,Norway
Mats Møller Dæhli,1,25,2,0,0,64,0,0,MF,0,0,Norway
Mohamed Elyounoussi,0,26,0,0,,,,0,"FW,MF",,,Norway
Morten Thorsby,0,24,0,,,,,,MF,,,Norway
Ola Kamara,0,31,2,0,0,38,0,0,"FW,MF",0,0,Norway
Ole Selnæs,7,26,7,0,0,598,0,0,MF,3,0,Norway
Omar Elabdellaoui,7,29,8,0,0,675,0,0,DF,0,0,Norway
Ruben Gabrielsen,0,28,0,,,,,,DF,,,Norway
Rune Jarstein,5,36,5,0,0,450,0,0,GK,0,0,Norway
Sander Berge,8,22,8,0,1,714,1,0,MF,1,1,Norway
Sigurd Rosted,0,26,0,,,,,,DF,,,Norway
Sondre Rossbach,0,24,0,,,,,,GK,,,Norway
Stefan Johansen,4,30,5,0,0,278,0,0,MF,0,1,Norway
Stefan Strandberg,0,30,0,,,,,,DF,,,Norway
Sten Grytebust,1,31,1,0,0,90,0,0,GK,0,0,Norway
Tarik Elyounoussi,2,32,6,0,0,229,0,0,MF,0,1,Norway
Tore Reginiussen,3,34,3,0,0,270,0,0,DF,0,1,Norway
Ørjan Nyland,1,30,1,0,0,90,0,0,GK,0,0,Norway
Adrian Rus,4,24,5,0,0,412,0,0,DF,0,0,Romania
Alexandru Chipciu,3,31,3,0,2,260,2,0,"FW,MF",0,1,Romania
Alexandru Cicâldău,1,23,2,0,0,115,0,0,MF,0,0,Romania
Alexandru Maxim,1,30,3,0,0,112,0,0,MF,1,0,Romania
Alexandru Mitriță,2,25,4,0,0,223,0,0,MF,1,2,Romania
Alexandru Păun,0,25,0,,,,,,"FW,MF",,,Romania
Alin Toșca,3,28,3,0,0,270,0,0,DF,0,0,Romania
Andrei Burcă,0,27,0,,,,,,DF,,,Romania
Ciprian Deac,4,34,4,0,0,296,0,0,MF,0,0,Romania
Ciprian Tătărușanu,8,34,8,0,0,720,0,0,GK,0,0,Romania
Claudiu Keșerü,4,34,6,0,0,307,0,0,FW,1,3,Romania
Constantin Budescu,0,31,0,,,,,,"FW,MF",,,Romania
Cristian Săpunaru,1,36,2,0,0,145,0,0,DF,0,0,Romania
Dan Nistor,0,32,2,0,1,28,1,0,MF,0,0,Romania
Daniel Benzar,1,23,1,0,0,90,0,0,MF,0,0,Romania
Denis Alibec,0,30,1,0,0,17,0,0,FW,0,0,Romania
Dennis Man,0,22,1,0,0,25,0,0,"FW,MF",0,1,Romania
Dorin Rotariu,0,25,1,0,0,16,0,0,"FW,MF",0,0,Romania
Dragoș Grigore,2,34,2,0,1,180,1,0,DF,1,0,Romania
Florin Andone,2,27,4,0,0,216,0,0,FW,0,1,Romania
Florin Niță,0,33,0,,,,,,GK,,,Romania
Florin Ștefan,1,24,1,0,0,90,0,0,"DF,MF",0,0,Romania
Florinel Coman,2,22,3,0,0,159,0,0,"FW,MF",0,0,Romania
George Pușcaș,8,24,8,0,0,649,0,1,FW,1,4,Romania
George Țucudean,0,29,1,0,0,30,0,0,FW,0,0,Romania
Gheorghe Grozav,1,30,2,0,0,78,0,0,"FW,MF",0,0,Romania
Ianis Hagi,4,22,7,0,0,427,0,0,MF,1,0,Romania
Ionuț Nedelcearu,6,24,6,0,2,485,2,0,DF,0,0,Romania
Ionuț Radu,0,23,0,,,,,,GK,,,Romania
Iulian Cristea,1,26,1,0,0,90,0,0,"DF,MF",0,0,Romania
Mihai Bordeianu,1,29,2,0,0,96,0,0,MF,0,0,Romania
Nicolae Stanciu,6,27,7,0,1,508,1,0,MF,1,0,Romania
Nicușor Bancu,4,28,4,0,2,360,2,0,DF,1,0,Romania
Paul Anton,3,29,3,0,2,264,2,0,MF,0,0,Romania
Romario Benzar,3,28,3,0,1,270,1,0,"DF,MF",0,0,Romania
Răzvan Marin,5,24,5,0,1,394,1,0,MF,0,0,Romania
Silviu Lung Jr.,0,31,0,,,,,,GK,,,Romania
Tudor Băluță,3,21,3,0,0,270,0,0,MF,0,0,Romania
Vasile Mogos,1,28,1,0,0,90,0,0,DF,0,0,Romania
Vlad Chiricheș,3,31,3,0,0,218,0,0,DF,0,0,Romania
Adrian Justinussen,0,22,0,,,,,,MF,,,Faroe Islands
Andrias Eriksen,0,26,2,0,0,54,0,0,MF,0,0,Faroe Islands
Atli Gregersen,9,38,9,0,2,810,2,0,DF,0,0,Faroe Islands
Bartal Wardum,0,23,0,,,,,,DF,,,Faroe Islands
Brandur Olsen,9,25,9,0,1,777,1,1,MF,1,0,Faroe Islands
Eli Nielsen,0,28,1,0,1,12,1,0,DF,0,0,Faroe Islands
Gilli Rólantsson,6,28,6,0,3,540,3,0,DF,1,0,Faroe Islands
Gunnar Nielsen,7,34,7,0,0,630,0,0,GK,0,0,Faroe Islands
Hallur Hansson,7,28,7,0,2,630,2,0,"FW,MF",0,0,Faroe Islands
Heini Vatnsdal,6,29,8,0,0,575,0,0,DF,0,0,Faroe Islands
Hørður Askham,1,26,1,0,0,90,0,0,MF,0,0,Faroe Islands
Jákup Andreasen,0,22,0,,,,,,MF,,,Faroe Islands
Jákup Thomsen,1,23,1,0,0,90,0,0,FW,0,1,Faroe Islands
Jóan Símun Edmundsson,5,29,6,0,1,420,1,0,MF,0,0,Faroe Islands
Jóannes Bjartalíð,5,24,6,0,0,388,0,0,MF,0,0,Faroe Islands
Jóannes Danielsen,1,23,1,0,0,90,0,0,FW,0,0,Faroe Islands
Kaj Leo í Bartalsstovu,0,29,4,0,1,104,1,0,MF,0,0,Faroe Islands
Karstin Hansen,0,23,0,,,,,,GK,,,Faroe Islands
Klæmint Olsen,5,30,8,0,1,455,1,0,FW,0,1,Faroe Islands
Kristian Joensen,0,28,0,,,,,,GK,,,Faroe Islands
Magnus Egilsson,0,26,2,0,0,3,0,0,MF,0,0,Faroe Islands
Meinhard Olsen,0,23,2,0,0,18,0,0,MF,0,0,Faroe Islands
Odmar Færø,4,31,4,0,0,360,0,0,DF,1,0,Faroe Islands
Patrik Johannesen,0,25,3,0,0,39,0,0,FW,0,0,Faroe Islands
René Joensen,3,27,3,0,1,201,1,0,DF,0,0,Faroe Islands
Rógvi Baldvinsson,8,31,9,0,2,678,2,0,DF,0,1,Faroe Islands
Sølvi Vatnhamar,9,34,9,0,0,755,0,0,MF,0,0,Faroe Islands
Teitur Gestsson,2,28,2,0,0,180,0,0,GK,0,0,Faroe Islands
Viljormur Davidsen,8,29,8,1,0,715,0,1,DF,0,0,Faroe Islands
Ári Jónsson,1,26,1,0,0,90,0,0,DF,0,0,Faroe Islands
Árni Frederiksberg,2,28,7,0,0,206,0,0,MF,0,0,Faroe Islands
Alfred Effiong,3,36,7,0,0,335,0,0,FW,0,0,Malta
Andrei Agius,9,34,9,0,0,781,0,0,DF,0,0,Malta
Andrew Hogg,0,35,0,,,,,,GK,,,Malta
Bjorn Kristensen,0,27,0,,,,,,MF,,,Malta
Brandon Paiber,1,25,1,0,0,90,0,0,MF,0,0,Malta
Dexter Xuereb,0,23,0,,,,,,DF,,,Malta
Dunstan Vella,6,24,6,0,0,507,0,0,MF,0,0,Malta
Ferdinando Apap,0,28,3,0,0,95,0,0,DF,0,0,Malta
Henry Bonello,10,32,10,0,2,900,2,0,GK,0,0,Malta
Jake Grech,3,23,6,0,0,280,0,0,MF,0,0,Malta
Jean Paul Farrugia,1,28,2,0,0,116,0,0,FW,0,0,Malta
John Mintoff,1,32,2,0,0,75,0,0,MF,0,0,Malta
Jonathan Caruana,3,34,4,0,0,289,0,0,DF,0,0,Malta
Joseph Mbong,10,23,10,0,2,875,2,0,DF,0,0,Malta
Joseph Zerafa,4,32,7,0,0,398,0,0,DF,0,0,Malta
Juan Corbalan,7,24,7,0,1,540,1,0,MF,0,0,Malta
Jurgen Pisani,1,28,1,0,0,76,0,0,DF,0,0,Malta
Justin Haber,0,39,0,,,,,,GK,,,Malta
Karl Micallef,0,24,2,0,0,62,0,0,DF,0,0,Malta
Kurt Shaw,1,21,1,0,1,90,1,0,DF,0,0,Malta
Kyrian Nwoko,8,23,9,0,2,721,2,0,FW,0,1,Malta
Leighton Grech,0,30,0,,,,,,FW,,,Malta
Luke Gambin,4,27,5,0,0,347,0,0,FW,0,0,Malta
Luke Montebello,1,25,2,0,1,77,1,0,FW,0,0,Malta
Matthew Guillaumier,2,22,2,0,0,180,0,0,MF,0,0,Malta
Michael Mifsud,3,39,6,0,0,290,0,0,FW,1,0,Malta
Nicky Vella,0,31,0,,,,,,GK,,,Malta
Nikolai Muscat,0,24,1,0,0,20,0,0,DF,0,0,Malta
Paul Fenech,6,34,8,0,0,512,0,0,MF,1,1,Malta
Rashed Al-Tumi,0,20,0,,,,,,GK,,,Malta
Rowen Muscat,9,29,10,0,0,750,0,0,MF,0,0,Malta
Ryan Camilleri,0,32,0,,,,,,DF,,,Malta
Steve Borg,8,32,8,1,4,695,4,1,DF,0,1,Malta
Tristan Caruana,0,29,1,0,0,27,0,0,MF,0,0,Malta
Zach Muscat,9,27,10,0,2,743,2,0,DF,0,0,Malta
Arkadiusz Milik,0,26,2,0,0,39,0,0,FW,0,1,Poland
Arkadiusz Reca,3,25,4,0,2,280,2,0,"DF,MF",0,0,Poland
Artur Jędrzejczyk,0,33,1,0,0,83,0,0,DF,1,0,Poland
Bartosz Bereszyński,5,28,5,0,1,450,1,0,"DF,FW",0,0,Poland
Damian Kądzior,0,28,1,0,0,13,0,0,MF,0,1,Poland
Damian Szymański,0,25,0,,,,,,MF,,,Poland
Dawid Kownacki,1,23,2,0,0,72,0,0,"FW,MF",0,0,Poland
Dominik Furman,0,28,1,0,0,6,0,0,MF,0,0,Poland
Grzegorz Krychowiak,8,31,8,0,3,714,3,0,MF,0,1,Poland
Jacek Góralski,2,28,4,0,0,195,0,0,"GK,MF",0,1,Poland
Jakub Błaszczykowski,0,35,2,0,0,39,0,0,MF,0,0,Poland
Jan Bednarek,8,24,8,0,2,720,2,0,DF,0,0,Poland
Kamil Glik,7,32,7,0,1,547,1,0,"DF,MF",0,0,Poland
Kamil Grosicki,7,32,7,0,0,526,0,0,MF,3,1,Poland
Kamil Jóźwiak,0,22,1,0,0,4,0,0,MF,0,0,Poland
Karol Linetty,0,25,0,,,,,,MF,,,Poland
Krystian Bielik,2,23,3,0,2,200,2,0,"DF,MF",0,0,Poland
Krzysztof Piątek,3,25,6,0,0,294,0,0,FW,0,3,Poland
Maciej Rybus,1,31,2,0,0,101,0,0,"DF,MF",0,0,Poland
Marcin Kamiński,0,29,0,,,,,,DF,,,Poland
Mateusz Klich,4,30,6,0,2,328,2,0,MF,0,0,Poland
Michał Pazdan,1,33,1,0,0,90,0,0,"DF,MF",0,0,Poland
Piotr Zieliński,8,26,8,0,0,720,0,0,MF,1,0,Poland
Przemysław Frankowski,2,25,4,0,0,165,0,0,MF,0,1,Poland
Radosław Majecki,0,21,0,,,,,,GK,,,Poland
Rafał Gikiewicz,0,33,0,,,,,,GK,,,Poland
Robert Gumny,0,22,0,,,,,,DF,,,Poland
Robert Lewandowski,7,32,8,1,0,657,0,1,FW,2,5,Poland
Sebastian Szymański,4,21,5,0,1,327,1,0,MF,1,1,Poland
Thiago Cionek,0,34,0,,,,,,DF,,,Poland
Tomasz Kędziora,6,26,7,0,1,585,1,0,DF,1,0,Poland
Wojciech Szczęsny,4,30,4,0,0,360,0,0,GK,0,0,Poland
Łukasz Fabiański,4,35,4,0,0,360,0,0,GK,0,0,Poland
Łukasz Piszczek,1,35,1,0,0,45,0,0,"DF,MF",0,0,Poland
Łukasz Skorupski,0,29,0,,,,,,GK,,,Poland
Albert Vallci,0,25,0,,,,,,DF,,,Austria
Aleksandar Dragović,8,29,8,0,0,666,0,0,"DF,MF",1,0,Austria
Alexander Schlager,1,24,1,0,0,90,0,0,GK,0,0,Austria
Andreas Ulmer,7,35,7,0,1,630,1,0,DF,0,0,Austria
Christopher Trimmel,1,33,4,0,0,130,0,0,"DF,FW",0,0,Austria
Cican Stankovic,4,28,4,0,0,360,0,0,GK,0,0,Austria
David Alaba,4,28,4,0,0,360,0,0,"DF,MF",0,1,Austria
Florian Grillitsch,1,25,2,0,0,99,0,0,MF,0,0,Austria
Florian Kainz,0,28,2,0,0,,0,0,MF,0,0,Austria
Guido Burgstaller,0,31,2,0,1,21,1,0,"FW,MF",0,1,Austria
Heinz Lindner,2,30,2,0,0,180,0,0,GK,0,0,Austria
Julian Baumgartlinger,6,33,6,0,1,480,1,0,"DF,MF",0,0,Austria
Jörg Siebenhandl,0,31,0,,,,,,GK,,,Austria
Karim Onisiwo,0,28,2,0,0,52,0,0,"FW,MF",0,0,Austria
Konrad Laimer,7,23,7,0,2,590,2,0,"DF,MF",3,1,Austria
Louis Schaub,1,26,3,0,0,121,0,0,MF,0,0,Austria
Lukas Hinterseer,0,29,1,0,0,21,0,0,"FW,MF",0,0,Austria
Marcel Sabitzer,7,26,7,0,2,611,2,0,"FW,MF",1,2,Austria
Marco Friedl,0,22,0,,,,,,DF,,,Austria
Marko Arnautović,6,31,6,2,1,530,1,2,"FW,MF",2,4,Austria
Martin Hinteregger,6,28,6,0,1,540,1,0,"DF,MF",0,1,Austria
Maximilian Ullmann,0,24,0,,,,,,"DF,MF",,,Austria
Maximilian Wöber,1,22,1,0,0,90,0,0,DF,0,0,Austria
Michael Gregoritsch,2,26,6,0,0,203,0,0,"FW,MF",1,1,Austria
Pavao Pervan,1,33,1,0,0,90,0,0,GK,0,0,Austria
Peter Žulj,0,27,0,0,,,,0,MF,,,Austria
Philipp Lienhart,0,24,0,,,,,,DF,,,Austria
Reinhold Ranftl,0,29,1,0,0,13,0,0,MF,0,0,Austria
Stefan Ilsanker,4,31,8,0,1,383,1,0,"DF,MF",0,0,Austria
Stefan Lainer,5,28,5,0,0,450,0,0,DF,1,1,Austria
Stefan Posch,4,23,5,0,1,378,1,0,DF,0,1,Austria
Thomas Goiginger,1,27,1,0,0,69,0,0,"FW,MF",0,0,Austria
Valentino Lazaro,7,24,7,0,1,583,1,0,"DF,MF",1,2,Austria
Xaver Schlager,2,23,2,0,0,180,0,0,MF,0,0,Austria
Aleksandar Trajkovski,2,28,5,0,0,138,0,0,"FW,MF",0,0,North Macedonia
Arijan Ademi,4,29,5,0,1,362,1,0,MF,1,1,North Macedonia
Boban Nikolov,6,26,7,0,3,487,3,0,"DF,MF",0,1,North Macedonia
Damjan Šiškovski,0,25,0,,,,,,GK,,,North Macedonia
Daniel Avramovski,0,25,2,0,0,39,0,0,MF,0,0,North Macedonia
Darko Churlinov,0,20,0,,,,,,MF,,,North Macedonia
Darko Velkovski,6,25,6,0,1,522,1,0,"FW,MF",0,0,North Macedonia
Dejan Iliev,0,25,0,,,,,,GK,,,North Macedonia
Egzon Bejtulai,5,27,5,0,2,450,2,0,DF,0,0,North Macedonia
Elif Elmas,8,21,8,0,1,683,1,0,MF,1,2,North Macedonia
Enis Bardhi,6,25,6,0,3,533,3,0,MF,1,1,North Macedonia
Ezgjan Alioski,6,28,6,0,1,540,1,0,"DF,FW",1,0,North Macedonia
Ferhan Hasani,0,30,2,0,0,29,0,0,MF,0,0,North Macedonia
Gjoko Zajkov,0,25,3,0,1,71,1,0,DF,0,0,North Macedonia
Gjorgji Stoilov,0,25,1,0,0,2,0,0,MF,0,0,North Macedonia
Goran Pandev,6,37,7,0,2,505,2,0,FW,1,1,North Macedonia
Ilija Nestorovski,5,30,7,0,2,432,2,0,FW,0,0,North Macedonia
Ivan Tričkovski,1,33,2,0,0,114,0,0,"FW,MF",0,0,North Macedonia
Kire Markoski,0,25,0,0,,,,0,MF,,,North Macedonia
Kire Ristevski,5,30,6,0,0,485,0,0,DF,0,0,North Macedonia
Kristijan Toshevski,1,26,2,0,0,74,0,0,DF,0,0,North Macedonia
Krste Velkoski,0,32,0,,,,,,FW,,,North Macedonia
Ljupche Doriev,0,25,0,,,,,,DF,,,North Macedonia
Mario Mladenovski,1,20,1,0,0,45,0,0,MF,0,0,North Macedonia
Marjan Radeski,0,25,3,0,0,44,0,0,"FW,MF",0,0,North Macedonia
Nikola Gjorgjev,0,23,0,,,,,,MF,,,North Macedonia
Stefan Ristovski,6,28,6,0,1,510,1,0,DF,0,0,North Macedonia
Stefan Spirovski,3,30,4,0,1,277,1,0,MF,0,0,North Macedonia
Stole Dimitrievski,8,27,8,0,0,720,0,0,GK,0,0,North Macedonia
Tihomir Kostadinov,2,24,2,0,0,180,0,0,MF,0,0,North Macedonia
Visar Musliu,6,26,6,0,4,534,4,0,DF,0,0,North Macedonia
Vlatko Stojanovski,1,23,2,0,0,138,0,0,MF,0,1,North Macedonia
Adam Gnezda Čerin,0,21,0,,,,,,MF,,,Slovenia
Aljaž Struna,7,30,7,0,3,594,3,0,"DF,MF",0,1,Slovenia
Andraž Struna,0,31,0,,,,,,"DF,MF",,,Slovenia
Andraž Šporar,6,26,6,0,0,535,0,0,FW,1,1,Slovenia
Benjamin Verbič,6,27,6,0,2,462,2,0,"FW,MF",0,2,Slovenia
Bojan Jokić,4,34,4,0,1,315,1,0,"DF,MF",1,0,Slovenia
Damjan Bohar,0,29,1,0,0,21,0,0,MF,0,0,Slovenia
Denis Popović,1,31,6,0,0,169,0,0,MF,0,0,Slovenia
Domen Črnigoj,2,25,3,0,1,189,1,0,MF,0,2,Slovenia
Erik Janža,0,27,0,,,,,,DF,,,Slovenia
Haris Vučkić,1,28,2,0,0,63,0,0,"FW,MF",0,0,Slovenia
Jaka Bijol,2,21,4,0,0,177,0,0,MF,0,0,Slovenia
Jan Mlakar,0,22,0,,,,,,FW,,,Slovenia
Jan Oblak,8,28,8,0,0,720,0,0,GK,0,0,Slovenia
Jasmin Kurtić,8,32,8,0,3,715,3,0,MF,1,0,Slovenia
Jon Gorenc Stanković,0,25,0,,,,,,"DF,MF",,,Slovenia
Josip Iličić,8,33,8,2,1,720,1,2,"FW,MF",3,4,Slovenia
Jure Balkovec,4,26,5,0,0,405,0,0,"DF,MF",0,0,Slovenia
Luka Zahović,0,25,1,0,0,13,0,0,FW,0,0,Slovenia
Martin Milec,0,29,0,,,,,,"DF,MF",,,Slovenia
Miha Blažič,1,27,2,0,0,126,0,0,DF,0,0,Slovenia
Miha Mevlja,8,30,8,0,0,720,0,0,"DF,MF",0,0,Slovenia
Miha Zajc,2,26,6,0,0,233,0,0,MF,0,1,Slovenia
Nejc Vidmar,0,31,0,,,,,,GK,,,Slovenia
Nemanja Mitrović,0,28,0,,,,,,DF,,,Slovenia
Petar Stojanović,8,25,8,0,1,720,1,0,"DF,MF",2,0,Slovenia
Rajko Rep,0,30,1,0,0,4,0,0,"FW,MF",0,0,Slovenia
Rene Krhin,6,30,6,0,0,462,0,0,"FW,MF",0,0,Slovenia
Robert Berić,1,29,5,0,0,134,0,0,FW,1,0,Slovenia
Roman Bezjak,4,31,5,0,2,320,2,0,FW,0,1,Slovenia
Tim Matavž,1,32,1,0,0,89,0,0,FW,1,1,Slovenia
Uroš Korun,0,33,0,,,,,,DF,,,Slovenia
Vid Belec,0,30,0,,,,,,GK,,,Slovenia
Žan Majer,0,28,1,0,0,7,0,0,MF,0,0,Slovenia
Almog Cohen,0,32,0,0,,,,0,MF,,,Israel
Ariel Harush,3,32,3,0,0,270,0,0,GK,0,0,Israel
Ayid Habshi,0,25,0,0,,,,0,DF,,,Israel
Ben Bitton,0,30,0,,,,,,DF,,,Israel
Ben Sahar,0,31,1,0,0,24,0,0,"FW,MF",0,0,Israel
Beram Kayal,3,32,5,0,0,284,0,0,MF,1,0,Israel
Bibras Natkho,8,32,8,0,1,720,1,0,MF,1,1,Israel
Dan Glazer,3,24,5,0,2,300,2,0,MF,0,0,Israel
Dia Saba,3,28,4,0,1,228,1,0,MF,0,0,Israel
Dolev Haziz,0,25,2,0,0,78,0,0,FW,0,0,Israel
Dor Peretz,4,25,4,0,2,347,2,0,MF,0,0,Israel
Eitan Tibi,3,33,3,0,0,270,0,0,DF,0,0,Israel
Eli Dasa,8,28,8,0,0,671,0,0,DF,0,0,Israel
Eran Zahavi,8,33,8,0,1,720,1,0,"FW,MF",1,7,Israel
Eylon Almog,0,22,0,,,,,,DF,,,Israel
Gadi Kinda,0,27,0,,,,,,MF,,,Israel
Gavriel Kanichowsky,0,23,0,,,,,,MF,,,Israel
Hatem Abd Elhamed,4,29,5,0,1,368,1,0,DF,0,0,Israel
Ilay Elmkies,1,20,3,0,0,84,0,0,MF,0,0,Israel
Loai Taha,7,31,7,0,1,569,1,0,DF,0,0,Israel
Manor Solomon,4,21,4,0,1,342,1,0,FW,2,0,Israel
Moanes Dabour,5,28,6,0,2,438,2,0,FW,2,3,Israel
Neta Lavi,0,24,0,,,,,,MF,,,Israel
Nir Bitton,6,29,6,0,2,532,2,0,"DF,MF",0,0,Israel
Ofir Marciano,5,31,5,0,0,450,0,0,GK,0,0,Israel
Omri Ben Harush,5,30,6,0,0,377,0,0,DF,0,0,Israel
Orel Dgani,2,32,3,0,0,229,0,0,DF,0,0,Israel
Raz Shlomo,0,21,0,,,,,,DF,,,Israel
Sheran Yeini,2,34,2,0,0,180,0,0,"DF,MF",0,0,Israel
Shon Weissman,1,24,4,0,0,109,0,0,FW,0,0,Israel
Sun Menachem,1,27,3,0,1,127,1,0,MF,0,0,Israel
Taleb Tawatha,2,28,2,0,0,132,0,0,DF,1,0,Israel
Tomer Hemed,0,33,1,0,0,15,0,0,FW,0,0,Israel
Yoav Gerafi,0,27,0,,,,,,GK,,,Israel
Yonatan Cohen,0,24,3,0,0,56,0,0,FW,0,0,Israel
Aleksandrs Solovjovs,1,32,1,0,0,90,0,0,"FW,MF",0,0,Latvia
Aleksejs Grjaznovs,1,23,1,0,0,90,0,0,MF,0,0,Latvia
Andrejs Ciganiks,1,23,3,0,0,103,0,0,MF,0,0,Latvia
Andris Vaņins,2,40,2,0,0,180,0,0,GK,0,0,Latvia
Antonijs Černomordijs,3,24,4,0,1,270,1,0,DF,0,0,Latvia
Armands Pētersons,2,30,2,0,1,180,1,0,FW,0,0,Latvia
Artūrs Karašausks,1,29,2,0,1,85,1,0,FW,0,0,Latvia
Boriss Bogdaškins,1,30,1,0,1,90,1,0,FW,0,0,Latvia
Daniels Ontuzans,0,20,2,0,0,16,0,0,MF,0,0,Latvia
Deniss Rakels,3,28,3,0,0,240,0,0,"FW,MF",0,0,Latvia
Dāvis Ikaunieks,2,27,3,0,1,173,1,0,MF,0,0,Latvia
Elvis Stuglis,0,27,0,,,,,,FW,,,Latvia
Igors Tarasovs,2,32,3,0,0,181,0,0,"DF,MF",0,0,Latvia
Ingars Stuglis,0,24,0,,,,,,MF,,,Latvia
Jānis Ikaunieks,4,25,4,0,2,323,2,0,MF,0,0,Latvia
Kaspars Dubra,6,30,6,0,0,540,0,0,DF,0,0,Latvia
Kaspars Ikstens,0,32,0,,,,,,GK,,,Latvia
Kristers Tobers,3,20,4,0,2,254,2,0,MF,0,0,Latvia
Mārcis Ošs,6,29,6,0,2,540,2,0,DF,0,1,Latvia
Mārtiņš Ķigurs,3,23,3,0,0,229,0,0,MF,0,0,Latvia
Oļegs Laizāns,5,33,7,0,1,440,1,0,MF,0,0,Latvia
Pāvels Šteinbors,6,35,6,0,1,540,1,0,GK,0,0,Latvia
Raivis Andris Jurkovskis,3,24,3,0,0,270,0,0,MF,0,0,Latvia
Ritvars Rugins,2,31,5,0,2,225,2,0,"DF,FW",0,0,Latvia
Roberts Ozols,0,25,0,,,,,,GK,,,Latvia
Roberts Savaļnieks,5,27,7,0,2,519,2,0,"FW,MF",1,0,Latvia
Roberts Uldriķis,2,22,4,0,0,141,0,0,FW,0,0,Latvia
Valērijs Šabala,0,26,1,0,0,6,0,0,FW,0,0,Latvia
Vitālijs Jagodinskis,2,28,3,0,0,254,0,0,DF,0,0,Latvia
Vitālijs Maksimenko,7,30,7,0,2,556,2,0,"DF,MF",0,0,Latvia
Vladimirs Kamešs,6,32,7,0,2,543,2,0,"FW,MF",0,1,Latvia
Vladislavs Fjodorovs,2,24,2,0,1,180,1,0,FW,0,0,Latvia
Vladislavs Gutkovskis,7,25,8,0,1,645,1,0,FW,1,0,Latvia
Vladislavs Lazarevs,0,23,0,,,,,,GK,,,Latvia
Vladislavs Sorokins,0,23,0,,,,,,DF,,,Latvia
Ēriks Punculs,0,27,2,0,0,17,0,0,FW,0,0,Latvia
Alassane Pléa,0,27,0,,,,,,"FW,MF",,,France
Alphonse Areola,0,27,0,,,,,,GK,,,France
Antoine Griezmann,8,29,8,0,1,720,1,2,"FW,MF",5,1,France
Benjamin Mendy,1,26,1,0,0,75,0,0,DF,0,0,France
Benjamin Pavard,5,24,6,0,1,452,1,0,DF,0,0,France
Blaise Matuidi,4,33,4,0,0,301,0,0,MF,0,0,France
Clément Lenglet,7,25,7,0,1,630,1,0,DF,0,1,France
Corentin Tolisso,6,26,6,0,1,540,1,0,"DF,MF",0,1,France
Djibril Sidibé,0,28,0,,,,,,"DF,MF",,,France
Ferland Mendy,1,25,2,0,0,135,0,0,DF,0,0,France
Florian Thauvin,1,28,1,0,0,81,0,0,"FW,MF",1,1,France
Hugo Lloris,4,34,4,0,0,360,0,0,GK,0,0,France
Jonathan Ikone,1,22,4,0,0,81,0,0,"FW,MF",1,1,France
Kingsley Coman,5,24,6,0,1,470,1,0,"FW,MF",0,3,France
Kurt Zouma,1,26,1,0,1,90,1,0,DF,0,1,France
Kylian Mbappé,3,22,3,0,0,270,0,0,"FW,MF",1,1,France
Leo Dubois,3,26,3,0,0,268,0,0,DF,1,0,France
Lucas Digne,4,27,6,0,1,340,1,0,DF,0,0,France
Lucas Hernández,2,24,2,0,1,170,1,0,DF,1,0,France
Mattéo Guendouzi,0,21,0,,,,,,MF,,,France
Mike Maignan,0,25,0,,,,,,GK,,,France
Moussa Sissoko,5,31,6,0,0,476,0,0,MF,0,0,France
N'Golo Kanté,1,29,1,0,0,90,0,0,MF,0,0,France
Nabil Fekir,0,27,3,0,0,16,0,0,"FW,MF",2,0,France
Olivier Giroud,6,34,8,2,1,527,1,2,FW,0,4,France
Paul Pogba,2,27,2,0,1,180,1,0,MF,0,0,France
Presnel Kimpembe,1,25,1,0,0,90,0,0,DF,0,0,France
Raphaël Varane,7,27,7,0,0,630,0,0,"DF,MF",1,1,France
Samuel Umtiti,1,27,1,0,1,90,1,0,DF,0,0,France
Steve Mandanda,4,35,4,0,0,360,0,0,GK,0,0,France
Steven Nzonzi,0,32,0,,,,,,MF,,,France
Tanguy Ndombele,1,24,1,0,0,64,0,0,MF,0,0,France
Thomas Lemar,1,25,5,0,0,136,0,0,MF,0,0,France
Wissam Ben Yedder,3,30,6,0,0,278,0,0,"FW,MF",0,2,France
Abdülkadir Parmak,0,26,1,0,0,3,0,0,MF,0,0,Turkey
Abdülkadir Ömür,0,21,2,0,0,27,0,0,MF,0,0,Turkey
Ahmed Kutucu,1,20,1,0,0,85,0,0,"FW,MF",0,0,Turkey
Altay Bayındır,0,22,0,,,,,,GK,,,Turkey
Berkay Özcan,0,22,1,0,0,30,0,0,MF,0,0,Turkey
Burak Yılmaz,5,35,5,0,1,450,1,1,FW,0,0,Turkey
Cengiz Ünder,2,23,2,0,0,166,0,0,"FW,MF",0,1,Turkey
Cenk Tosun,3,29,4,0,1,279,1,0,FW,0,3,Turkey
Deniz Turuc,1,28,1,0,0,90,0,0,MF,0,1,Turkey
Dorukhan Toköz,3,24,3,0,1,262,1,0,MF,2,1,Turkey
Efecan Karaca,0,31,0,0,,,,0,MF,,,Turkey
Emre Belözoğlu,2,40,2,0,1,156,1,0,MF,0,0,Turkey
Emre Kılınç,0,26,2,0,0,15,0,0,"FW,MF",0,0,Turkey
Enes Ünal,1,23,1,1,0,90,0,1,FW,0,2,Turkey
Güven Yalçın,1,22,2,0,0,50,0,0,FW,0,0,Turkey
Hakan Çalhanoğlu,5,26,7,0,0,472,0,0,"FW,MF",2,0,Turkey
Hasan Ali Kaldırım,2,31,2,0,0,180,0,0,DF,0,0,Turkey
Kaan Ayhan,5,26,7,0,3,445,3,0,"DF,MF",0,2,Turkey
Kenan Karaman,4,26,5,0,1,340,1,0,"FW,MF",0,0,Turkey
Mahmut Tekdemir,4,33,4,0,1,360,1,0,"DF,MF",0,0,Turkey
Merih Demiral,8,22,8,0,2,710,2,0,DF,1,0,Turkey
Mert Günok,7,31,7,0,0,630,0,0,GK,0,0,Turkey
Mert Müldür,0,21,0,,,,,,DF,,,Turkey
Nazim Sangaré,1,26,1,0,0,90,0,0,"DF,MF",0,0,Turkey
Okay Yokuşlu,2,26,2,0,1,135,1,0,MF,0,0,Turkey
Ozan Kabak,1,20,1,0,0,90,0,0,DF,0,0,Turkey
Ozan Tufan,6,25,8,0,2,560,2,0,"DF,MF",0,1,Turkey
Oğuzhan Özyakup,0,28,0,,,,,,MF,,,Turkey
Sinan Bolat,0,32,0,,,,,,GK,,,Turkey
Umut Meraş,5,25,5,0,0,421,0,0,DF,0,0,Turkey
Uğurcan Çakır,1,24,1,0,0,90,0,0,GK,0,0,Turkey
Yunus Mallı,0,28,0,,,,,,"FW,MF",,,Turkey
Yusuf Yazıcı,2,24,7,0,1,259,1,0,MF,1,1,Turkey
Yıldırım Mert Çetin,0,24,1,0,0,10,0,0,DF,0,0,Turkey
Zeki Çelik,7,23,7,0,2,593,2,0,DF,0,0,Turkey
Çağlar Söyüncü,3,24,4,0,1,315,1,0,DF,0,0,Turkey
Ömer Bayram,1,29,2,0,0,90,0,0,"DF,FW",0,0,Turkey
İrfan Kahveci,5,25,6,0,1,427,1,0,MF,1,0,Turkey
Albert Guðmundsson,0,23,0,0,,,,0,"FW,MF",,,Iceland
Alfreð Finnbogason,2,31,3,0,0,105,0,0,FW,0,0,Iceland
Ari Freyr Skúlason,8,33,8,0,0,694,0,0,"DF,MF",0,0,Iceland
Arnór Ingvi Traustason,4,27,6,0,1,368,1,0,MF,0,0,Iceland
Arnór Sigurðsson,2,21,5,0,0,264,0,0,"FW,MF",0,1,Iceland
Aron Gunnarsson,4,31,4,0,0,360,0,0,"DF,MF",0,0,Iceland
Aron Þrándarson,0,26,0,,,,,,MF,,,Iceland
Birkir Bjarnason,8,32,8,0,2,666,2,0,MF,1,2,Iceland
Birkir Már Sævarsson,0,36,0,0,,,,0,DF,,,Iceland
Daníel Leó Grétarsson,0,25,0,,,,,,MF,,,Iceland
Emil Hallfreðsson,2,36,4,0,1,193,1,0,"FW,MF",0,0,Iceland
Gylfi Sigurðsson,8,31,8,0,1,720,1,2,"FW,MF",0,2,Iceland
Hannes Þór Halldórsson,8,36,8,0,0,720,0,0,GK,0,0,Iceland
Hjörtur Hermannsson,4,25,4,0,0,360,0,0,DF,0,0,Iceland
Hólmar Örn Eyjólfsson,0,30,0,,,,,,"DF,MF",,,Iceland
Hólmbert Friðjónsson,0,27,0,,,,,,"FW,MF",,,Iceland
Hörður Magnússon,0,27,4,0,0,70,0,0,DF,0,0,Iceland
Ingvar Jónsson,0,31,0,,,,,,GK,,,Iceland
Jóhann Berg Guðmundsson,3,30,3,0,0,152,0,0,"FW,MF",1,1,Iceland
Jón Daði Böðvarsson,5,28,7,0,0,511,0,0,"FW,MF",1,0,Iceland
Jón Guðni Fjóluson,1,31,1,0,0,90,0,0,DF,0,0,Iceland
Kolbeinn Sigþórsson,5,30,8,0,1,449,1,0,FW,0,3,Iceland
Kári Árnason,6,38,6,0,1,540,1,0,"DF,MF",1,0,Iceland
Mikael Anderson,1,22,2,0,0,60,0,0,MF,1,0,Iceland
Ragnar Sigurðsson,8,34,8,0,1,698,1,0,DF,2,2,Iceland
Rúnar Alex Rúnarsson,0,25,0,,,,,,GK,,,Iceland
Rúnar Már Sigurjónsson,3,30,4,0,2,256,2,0,MF,1,0,Iceland
Samúel Friðjónsson,0,24,1,0,1,35,1,0,MF,0,0,Iceland
Sverrir Ingi Ingason,1,27,2,0,0,112,0,0,DF,0,0,Iceland
Victor Pálsson,4,29,4,0,2,360,2,0,MF,0,0,Iceland
Viðar Örn Kjartansson,1,30,4,0,0,137,0,0,FW,0,0,Iceland
Ögmundur Kristinsson,0,31,0,,,,,,GK,,,Iceland
Alban Hoxha,0,33,0,,,,,,GK,,,Albania
Amir Abrashi,4,30,6,0,1,372,1,0,MF,0,0,Albania
Ardian Ismajli,7,24,7,0,0,629,0,0,DF,0,0,Albania
Arlind Ajeti,0,27,0,,,,,,DF,,,Albania
Armando Sadiku,1,29,2,0,0,68,0,0,FW,0,0,Albania
Bekim Balaj,4,30,6,0,1,346,1,0,FW,0,1,Albania
Berat Djimsiti,6,27,6,0,1,516,1,0,"DF,MF",0,0,Albania
Egzon Binaku,0,25,0,,,,,,DF,,,Albania
Elseid Hysaj,5,26,6,0,1,469,1,0,DF,0,1,Albania
Emanuele Ndoj,1,24,2,0,0,78,0,0,MF,0,0,Albania
Enea Mihaj,0,22,0,,,,,,DF,,,Albania
Ergys Kaçe,1,27,2,0,0,107,0,0,MF,0,0,Albania
Ermir Lenjani,5,31,5,0,0,311,0,0,"DF,MF",0,0,Albania
Etrit Berisha,4,31,4,0,0,360,0,0,GK,0,0,Albania
Freddie Veseli,6,28,7,0,1,564,1,0,DF,0,0,Albania
Gentian Selmani,0,22,0,,,,,,GK,,,Albania
Hysen Memolla,0,28,0,,,,,,DF,,,Albania
Iván Balliu,0,29,0,0,,,,0,DF,,,Albania
Kastriot Dermaku,5,29,5,0,2,450,2,0,DF,0,1,Albania
Keidi Bare,5,23,6,0,2,479,2,0,MF,1,1,Albania
Klaus Gjasula,4,31,5,0,3,397,3,0,MF,0,0,Albania
Kristi Qose,1,25,2,0,0,51,0,0,"DF,MF",0,0,Albania
Ledian Memushaj,3,34,4,0,1,297,1,0,MF,2,0,Albania
Lindon Selahi,0,21,1,0,0,1,0,0,MF,0,0,Albania
Lorenc Trashi,2,28,3,0,0,143,0,0,MF,0,1,Albania
Marash Kumbulla,0,20,1,0,0,1,0,0,DF,0,0,Albania
Migjen Basha,1,34,1,0,1,67,1,0,MF,0,0,Albania
Myrto Uzuni,2,25,2,0,0,180,0,0,MF,1,0,Albania
Mërgim Mavraj,2,34,2,0,0,180,0,0,DF,0,0,Albania
Naser Aliji,0,27,0,0,,,,0,DF,,,Albania
Odise Roshi,2,29,7,0,1,333,1,0,MF,4,1,Albania
Rey Manaj,5,23,5,0,0,450,0,0,FW,1,2,Albania
Sokol Cikalleshi,4,30,6,1,2,389,2,1,"FW,MF",0,4,Albania
Taulant Seferi,0,24,1,0,0,17,0,0,MF,0,0,Albania
Taulant Xhaka,1,29,2,0,1,89,1,0,"DF,MF",0,0,Albania
Thomas Strakosha,4,25,4,0,1,360,1,0,GK,0,0,Albania
Ylber Ramadani,3,24,3,0,1,216,1,0,MF,0,1,Albania
Aaron Sánchez,0,24,1,0,0,8,0,0,FW,0,0,Andorra
Adrià Rodrígues,0,32,0,,,,,,DF,,,Andorra
Albert Alavedra,0,21,0,,,,,,DF,,,Andorra
Alexandre Martínez Palau,3,22,5,0,0,247,0,0,FW,0,0,Andorra
Cristian Martínez,5,31,5,0,1,389,1,0,"DF,FW",0,2,Andorra
Emili García,1,32,2,0,0,93,0,0,"DF,MF",0,0,Andorra
Ferran Pol,0,37,1,0,0,3,0,0,GK,0,0,Andorra
Francisco Pires,0,23,0,,,,,,GK,,,Andorra
Ildefons Lima,7,41,7,0,3,630,3,0,DF,0,0,Andorra
Jesús Rubio,5,26,5,0,4,413,4,0,"DF,MF",0,0,Andorra
Joan Cervós,8,22,8,0,2,711,2,0,DF,1,0,Andorra
Jordi Aláez,5,23,8,0,1,475,1,0,MF,1,0,Andorra
Jordi Rubio,0,33,3,0,0,48,0,0,DF,0,0,Andorra
Josep Gómes,8,35,8,0,0,717,0,0,GK,0,0,Andorra
Juli Sánchez,0,42,1,0,0,5,0,0,FW,0,0,Andorra
Ludovic Clemente,6,34,6,0,1,496,1,0,MF,0,0,Andorra
Marc Ferré,0,27,0,,,,,,MF,,,Andorra
Marc García,0,32,2,0,0,37,0,0,"DF,FW",0,0,Andorra
Marc Pujol,1,38,1,0,0,83,0,0,"FW,MF",1,0,Andorra
Marc Rebés,6,26,7,0,2,536,2,0,MF,0,0,Andorra
Marc Vales,8,30,8,0,2,720,2,0,"DF,MF",0,1,Andorra
Max Llovera,8,24,8,0,2,720,2,0,DF,0,0,Andorra
Moisés San Nicolás,8,27,8,0,1,720,1,0,"DF,MF",0,0,Andorra
Márcio Vieira,6,36,6,0,0,503,0,0,MF,0,0,Andorra
Ricard Fernàndez,0,21,2,0,0,41,0,0,FW,0,0,Andorra
Sebastián Gómez,0,37,1,0,0,3,0,0,"FW,GK",0,0,Andorra
Sergi Moreno,1,33,3,0,0,115,0,0,"FW,MF",0,0,Andorra
Víctor Rodríguez,2,33,6,0,1,207,1,0,DF,0,0,Andorra
Alexandr Belousov,0,22,0,,,,,,MF,,,Moldova
Alexandru Antoniuc,2,31,2,0,0,154,0,0,"FW,MF",0,0,Moldova
Alexandru Boiciuc,1,23,4,0,0,150,0,0,FW,0,0,Moldova
Alexandru Dedov,0,31,1,0,0,18,0,0,"FW,MF",0,0,Moldova
Alexandru Suvorov,6,33,6,0,1,439,1,0,"FW,MF",0,0,Moldova
Alexei Koșelev,8,27,8,0,0,720,0,0,GK,0,0,Moldova
Anatolie Prepeliță,2,23,2,0,1,180,1,0,DF,0,0,Moldova
Andrei Cojocari,0,34,1,0,0,,0,0,MF,0,0,Moldova
Artiom Rozgoniuc,0,25,2,0,0,74,0,0,DF,0,0,Moldova
Artur Crăciun,2,22,2,0,2,180,2,0,DF,0,0,Moldova
Artur Ioniță,7,30,7,0,3,577,3,0,MF,0,0,Moldova
Artur Pătraș,0,32,1,0,0,9,0,0,MF,0,0,Moldova
Constantin Sandu,1,27,3,0,0,110,0,0,MF,0,0,Moldova
Cătălin Carp,5,27,5,0,3,427,3,0,MF,0,0,Moldova
Denis Marandici,0,24,0,,,,,,DF,,,Moldova
Denis Rusu,0,30,0,,,,,,GK,,,Moldova
Dinu Graur,4,26,7,0,1,403,1,0,DF,0,0,Moldova
Dumitru Celeadnic,0,28,0,,,,,,GK,,,Moldova
Eugen Sidorenco,1,31,1,0,0,80,0,0,"FW,MF",0,0,Moldova
Eugeniu Cebotaru,5,36,6,0,2,490,2,0,MF,0,0,Moldova
Eugeniu Cociuc,2,27,4,0,0,222,0,0,MF,0,0,Moldova
Evgheni Oancea,0,25,0,,,,,,MF,,,Moldova
Gheorghe Anton,1,28,1,0,0,90,0,0,MF,0,0,Moldova
Iaser Ţurcan,1,23,2,0,0,113,0,0,DF,0,0,Moldova
Igor Armaș,5,33,5,0,2,450,2,0,DF,0,1,Moldova
Ilie Damașcan,1,25,1,0,0,70,0,0,FW,0,0,Moldova
Ion Jardan,3,31,3,0,1,234,1,0,DF,0,0,Moldova
Maxim Cojocaru,0,23,1,0,0,25,0,0,MF,0,0,Moldova
Maxim Focșa,1,28,1,0,0,90,0,0,DF,0,0,Moldova
Maxim Mihaliov,1,34,1,0,0,72,0,0,MF,0,0,Moldova
Mihail Ghecev,0,23,1,0,0,9,0,0,MF,0,0,Moldova
Nicolae Milinceanu,1,28,2,0,0,76,0,0,FW,0,1,Moldova
Nicolai Cebotari,0,23,0,,,,,,GK,,,Moldova
Oleg Reabciuk,6,23,6,0,1,540,1,0,DF,0,0,Moldova
Radu Gînsari,7,29,7,0,2,539,2,0,"FW,MF",0,0,Moldova
Sergiu Plătică,2,29,2,0,0,180,0,0,FW,1,0,Moldova
Stanislav Namașco,0,34,0,,,,,,GK,,,Moldova
Vadim Cemîrtan,1,33,2,0,0,87,0,0,FW,0,0,Moldova
Vadim Rață,2,27,2,0,2,171,2,0,MF,0,1,Moldova
Valerii Macrițchii,0,24,0,,,,,,MF,,,Moldova
Veaceslav Posmac,3,30,3,0,1,270,1,0,DF,0,0,Moldova
Veaceslav Zagaevschi,0,24,0,,,,,,MF,,,Moldova
Victor Mudrac,3,26,3,0,1,211,1,0,"DF,FW",0,0,Moldova
Vitalie Damașcan,1,22,2,0,0,110,0,0,FW,0,0,Moldova
Vladimir Ambros,0,27,0,0,,,,0,FW,,,Moldova
Ştefan Efros,3,30,3,0,0,270,0,0,DF,1,0,Moldova
Adnan Januzaj,1,25,1,0,0,56,0,0,"FW,MF",0,0,Belgium
Axel Witsel,4,32,4,0,1,360,1,0,MF,0,0,Belgium
Benito Raman,0,26,1,0,0,,0,0,DF,0,0,Belgium
Brandon Mechele,0,28,1,0,0,,0,0,DF,0,0,Belgium
Christian Benteke,1,30,3,0,0,106,0,0,FW,0,3,Belgium
Dedryck Boyata,1,30,1,0,0,90,0,0,DF,0,0,Belgium
Dennis Praet,1,26,3,0,0,126,0,0,MF,1,0,Belgium
Divock Origi,1,25,2,0,0,65,0,0,FW,0,0,Belgium
Dries Mertens,5,33,7,0,1,420,1,0,"FW,MF",3,2,Belgium
Eden Hazard,6,30,6,1,0,487,0,1,"FW,MF",7,2,Belgium
Elias Cobbaut,1,23,1,0,0,90,0,0,DF,0,0,Belgium
Hans Vanaken,2,28,2,0,0,180,0,0,MF,0,0,Belgium
Jan Vertonghen,6,33,6,0,0,540,0,0,DF,0,0,Belgium
Jason Denayer,2,25,3,0,0,203,0,0,DF,0,0,Belgium
Jens Teunckens,0,23,0,,,,,,GK,,,Belgium
Kevin De Bruyne,6,29,6,0,1,481,1,0,"MF,FW",7,4,Belgium
Leander Dendoncker,1,25,1,0,0,90,0,0,MF,0,0,Belgium
Matz Sels,0,28,0,,,,,,GK,,,Belgium
Michy Batshuayi,2,27,4,1,1,199,1,1,FW,0,3,Belgium
Nacer Chadli,2,31,3,0,0,201,0,0,"DF,FW",1,2,Belgium
Romelu Lukaku,5,27,5,0,0,405,0,0,FW,3,7,Belgium
Simon Mignolet,1,32,1,0,0,90,0,0,GK,0,0,Belgium
Thibaut Courtois,7,28,7,0,0,630,0,0,GK,0,0,Belgium
Thomas Meunier,4,29,4,0,0,360,0,0,DF,0,1,Belgium
Thomas Vermaelen,4,35,6,0,1,349,1,0,DF,0,1,Belgium
Thorgan Hazard,5,27,5,0,0,450,0,0,DF,0,1,Belgium
Timothy Castagne,3,25,3,0,0,270,0,0,DF,1,2,Belgium
Toby Alderweireld,8,31,8,0,0,720,0,0,DF,0,2,Belgium
Vincent Kompany,2,34,2,0,0,168,0,0,DF,0,0,Belgium
Yannick Carrasco,2,27,6,0,0,232,0,0,DF,4,1,Belgium
Yari Verschaeren,0,19,3,1,0,57,0,1,"MF,FW",0,1,Belgium
Youri Tielemans,5,23,7,0,0,495,0,0,MF,1,1,Belgium
Aleksandr Erokhin,0,31,1,0,0,10,0,0,MF,0,0,Russia
Aleksandr Golovin,6,24,7,0,1,570,1,0,MF,4,2,Russia
Aleksandr Sobolev,0,23,0,,,,,,FW,,,Russia
Aleksei Ionov,6,31,8,0,0,539,0,0,FW,0,2,Russia
Aleksei Miranchuk,3,25,4,0,0,242,0,0,MF,0,1,Russia
Andrei Semyonov,7,31,7,0,0,630,0,0,DF,0,0,Russia
Andrey Lunyov,0,29,0,,,,,,GK,,,Russia
Anton Miranchuk,3,25,3,0,0,180,0,0,MF,1,0,Russia
Anton Shunin,1,34,1,0,0,90,0,0,GK,0,0,Russia
Artem Dzyuba,8,32,8,1,0,708,0,2,FW,4,8,Russia
Daler Kuzyaev,1,28,3,0,0,147,0,0,MF,0,1,Russia
Daniil Fomin,0,23,0,,,,,,MF,,,Russia
Denis Cheryshev,2,30,3,0,0,169,0,0,"FW,MF",2,2,Russia
Dmitri Barinov,1,24,4,0,1,144,1,0,MF,0,0,Russia
Dmitri Chistyakov,0,27,0,,,,,,DF,,,Russia
Fyodor Chalov,0,22,0,0,,,,0,FW,,,Russia
Fyodor Kudryashov,6,33,7,0,1,575,1,0,DF,1,1,Russia
Fyodor Smolov,0,30,1,0,0,30,0,0,"FW,MF",0,2,Russia
Georgi Dzhikiya,8,27,8,0,0,720,0,0,DF,0,1,Russia
Guilherme Marinato,7,35,7,0,0,630,0,0,GK,0,0,Russia
Ilzat Akhmetov,2,23,5,0,1,136,1,0,MF,0,0,Russia
Magomed Ozdoyev,8,28,8,0,1,689,1,0,MF,1,2,Russia
Maksim Belyayev,1,29,1,0,0,90,0,0,DF,0,0,Russia
Mário Fernandes,6,30,6,0,0,540,0,0,DF,1,1,Russia
Nikolay Komlichenko,0,25,3,0,0,37,0,0,FW,0,1,Russia
Pavel Mogilevets,0,28,0,,,,,,MF,,,Russia
Reziuan Mirzov,0,27,0,,,,,,"FW,MF",,,Russia
Roman Neustädter,0,32,0,,,,,,"DF,MF",,,Russia
Roman Zobnin,4,26,6,0,1,336,1,0,MF,0,0,Russia
Ruslan Kambolov,0,31,0,,,,,,"DF,MF",,,Russia
Sergei Petrov,3,30,3,0,1,218,1,0,DF,2,1,Russia
Soslan Dzhanayev,0,33,0,,,,,,GK,,,Russia
Vladislav Ignatyev,0,34,0,0,,,,0,"DF,FW",,,Russia
Vyacheslav Karavayev,0,25,1,0,1,52,1,0,DF,0,0,Russia
Yevgeni Chernov,0,28,0,,,,,,"DF,MF",,,Russia
Yuri Zhirkov,4,37,4,0,0,296,0,0,FW,0,0,Russia
Zelimkhan Bakayev,1,24,3,0,0,142,0,0,FW,0,0,Russia
Andrew Robertson,5,26,5,0,0,450,0,0,DF,0,1,Scotland
Callum McGregor,8,27,8,0,1,675,1,0,MF,0,0,Scotland
Charlie Mulgrew,5,34,5,0,0,450,0,0,DF,0,0,Scotland
Craig MacGillivray,0,28,0,,,,,,GK,,,Scotland
David Bates,0,24,0,0,,,,0,DF,,,Scotland
David Marshall,7,35,7,0,0,630,0,0,GK,0,0,Scotland
Declan Gallagher,2,29,2,0,1,180,1,0,DF,0,0,Scotland
Eamonn Brophy,1,24,1,0,0,73,0,0,FW,0,0,Scotland
Graeme Shinnie,0,29,0,0,,,,0,"DF,MF",,,Scotland
Greg Taylor,3,23,3,0,1,270,1,0,"DF,MF",2,0,Scotland
James Forrest,5,29,6,0,0,427,0,0,"FW,MF",0,0,Scotland
John Fleck,1,29,2,0,1,89,1,0,"FW,MF",0,0,Scotland
John McGinn,6,26,7,0,1,485,1,0,FW,2,7,Scotland
John Souttar,0,24,0,,,,,,DF,,,Scotland
Johnny Russell,1,30,3,0,0,100,0,0,FW,0,0,Scotland
Jon McLaughlin,1,33,1,0,0,90,0,0,GK,0,0,Scotland
Kenny McLean,3,29,4,0,1,298,1,0,MF,0,0,Scotland
Lawrence Shankland,1,25,2,0,0,135,0,0,FW,0,1,Scotland
Lewis Morgan,0,24,0,,,,,,MF,,,Scotland
Liam Cooper,2,29,2,0,1,180,1,0,DF,0,0,Scotland
Liam Palmer,4,29,4,0,1,360,1,0,"DF,MF",0,0,Scotland
Marc McNulty,0,28,0,0,,,,0,FW,,,Scotland
Matt Phillips,1,29,2,0,0,89,0,0,FW,0,0,Scotland
Michael Devlin,2,27,3,0,0,180,0,0,DF,0,0,Scotland
Oliver Burke,2,23,5,0,0,182,0,0,"FW,MF",0,1,Scotland
Oliver McBurnie,1,24,2,0,0,118,0,0,FW,0,0,Scotland
Robert Snodgrass,2,33,2,0,0,180,0,0,MF,0,0,Scotland
Ryan Christie,4,25,6,0,0,399,0,0,FW,2,1,Scotland
Ryan Fraser,3,26,4,0,0,306,0,0,"FW,MF",0,0,Scotland
Ryan Jack,2,28,2,0,0,180,0,0,"DF,MF",0,0,Scotland
Ryan Porteous,0,21,0,,,,,,DF,,,Scotland
Scott Bain,0,29,0,0,,,,0,GK,,,Scotland
Scott McKenna,4,24,4,0,1,360,1,0,DF,0,0,Scotland
Scott McTominay,4,24,5,0,3,359,3,0,MF,0,0,Scotland
Stephen O'Donnell,4,28,4,0,1,360,1,0,DF,0,0,Scotland
Steven Naismith,2,34,2,0,0,140,0,0,"FW,MF",0,1,Scotland
Stuart Armstrong,1,28,6,0,0,85,0,0,MF,0,1,Scotland
Stuart Findlay,1,25,1,0,0,90,0,0,DF,1,1,Scotland
Tom Cairney,0,30,0,,,,,,MF,,,Scotland
Anastasios Kissas,0,33,0,,,,,,GK,,,Cyprus
Andreas Avraam,1,33,1,0,0,71,0,0,"DF,MF",0,0,Cyprus
Andreas Makris,2,25,2,0,1,161,1,0,"FW,MF",0,0,Cyprus
Andreas Panayiotou Filiotis,0,25,0,,,,,,DF,,,Cyprus
Anthony Georgiou,1,23,4,0,0,146,0,0,MF,3,0,Cyprus
Antreas Karo,1,24,1,0,0,42,0,0,DF,0,0,Cyprus
Charalambos Kyriakou,6,25,6,0,0,527,0,0,DF,0,0,Cyprus
Christoforou Kypros,1,27,1,0,0,90,0,0,DF,0,0,Cyprus
Christos Wheeler,1,23,1,0,0,90,0,0,"DF,MF",0,0,Cyprus
Constantinos Mintikkis,2,31,2,0,2,135,2,0,"DF,MF",0,0,Cyprus
Constantinos Panagi,4,26,4,0,0,310,0,0,GK,0,0,Cyprus
Demetris Christofi,0,32,0,,,,,,"FW,MF",,,Cyprus
Demetris Theodorou,0,23,1,0,0,13,0,0,MF,0,0,Cyprus
Fanos Katelaris,0,24,0,,,,,,MF,,,Cyprus
Fotios Papoulis,4,36,6,0,0,333,0,0,MF,0,1,Cyprus
Giorgos Economides,0,30,0,,,,,,MF,,,Cyprus
Giorgos Efrem,3,31,5,0,0,293,0,0,MF,0,1,Cyprus
Giorgos Merkis,5,36,5,0,2,422,2,0,DF,0,0,Cyprus
Giorgos Papageorghiou,0,23,0,,,,,,MF,,,Cyprus
Giorgos Vasiliou,0,36,0,,,,,,"DF,MF",,,Cyprus
Grigoris Kastanos,2,23,4,0,0,212,0,0,"MF,DF",0,0,Cyprus
Ioannis Kosti,6,20,8,0,0,568,0,0,DF,1,0,Cyprus
Ioannis Kousoulos,7,24,8,0,1,653,1,0,DF,0,3,Cyprus
Ioannis Pittas,1,24,4,0,0,103,0,0,FW,0,0,Cyprus
Jack Roles,0,21,0,,,,,,MF,,,Cyprus
Jason Demetriou,1,33,1,0,1,90,1,0,"DF,MF",0,0,Cyprus
Konstantinos Laifis,6,27,6,0,1,476,1,0,"DF,MF",0,0,Cyprus
Konstantinos Petrou,0,23,0,,,,,,GK,,,Cyprus
Kostakis Artymatas,6,27,6,0,1,540,1,0,MF,0,1,Cyprus
Marios Antoniades,0,30,0,,,,,,DF,,,Cyprus
Matija Špoljarić,4,23,7,0,0,343,0,0,MF,1,0,Cyprus
Michalis Ioannou,2,20,3,0,0,184,0,0,MF,0,0,Cyprus
Minas Antoniou,0,26,0,0,,,,0,FW,,,Cyprus
Neofytos Michael,1,27,1,0,0,90,0,0,GK,0,0,Cyprus
Nestoras Mitidis,0,29,0,0,,,,0,FW,,,Cyprus
Nicholas Ioannou,8,25,8,0,2,697,2,0,DF,1,2,Cyprus
Panayiotis Zachariou,1,24,2,0,0,81,0,0,MF,0,0,Cyprus
Pieros Sotiriou,7,28,7,2,0,630,0,2,FW,1,2,Cyprus
Renato Margaça,2,35,4,0,1,236,1,0,"DF,MF",0,0,Cyprus
Urko Pardo,3,38,4,0,0,320,0,0,GK,0,0,Cyprus
Abat Ajymbetow,1,25,6,0,0,109,0,0,FW,0,0,Kazakhstan
Abzal Beisebekov,3,28,3,0,2,270,2,0,DF,0,0,Kazakhstan
Aleksandr Marochkin,7,30,7,0,1,630,1,0,FW,0,0,Kazakhstan
Aleksey Shchetkin,4,29,4,0,0,333,0,0,FW,1,2,Kazakhstan
Askhat Tagybergen,3,30,5,0,1,250,1,0,MF,1,0,Kazakhstan
Aýbol Abïken,4,24,4,0,3,350,3,0,MF,0,0,Kazakhstan
Baktiyor Zainutdinov,2,22,2,0,0,180,0,0,FW,0,2,Kazakhstan
Baurzhan Turysbek,1,29,1,0,0,69,0,0,MF,0,0,Kazakhstan
Bauyrzhan Islamkhan,6,27,8,0,2,574,2,0,FW,2,1,Kazakhstan
Dmitri Miroshnichenko,0,28,1,0,1,72,1,0,"DF,MF",0,0,Kazakhstan
Dmitriy Shomko,5,30,5,0,1,450,1,0,DF,1,0,Kazakhstan
Dmytro Nepohodov,8,32,8,0,0,720,0,0,GK,0,0,Kazakhstan
Gafurzhan Suyumbayev,6,30,6,0,2,511,2,0,FW,2,2,Kazakhstan
Georgy Zhukov,3,26,4,0,1,243,1,0,MF,0,0,Kazakhstan
Igor Shatskiy,0,31,0,,,,,,GK,,,Kazakhstan
Islambek Kuat,5,28,6,0,3,448,3,0,MF,0,1,Kazakhstan
Jan Worogowski,5,24,6,0,1,407,1,0,DF,1,0,Kazakhstan
Maxim Fedin,3,24,8,0,0,320,0,0,FW,0,1,Kazakhstan
Nuraly Alip,0,21,0,,,,,,MF,,,Kazakhstan
Olzhas Kerymzhanov,1,31,1,0,0,90,0,0,DF,0,0,Kazakhstan
Sergei Khizhnichenko,0,29,1,0,0,29,0,0,FW,0,0,Kazakhstan
Serhiy Malyi,8,30,8,0,2,720,2,0,DF,0,0,Kazakhstan
Serikzhan Muzhikov,0,31,1,0,0,13,0,0,MF,0,0,Kazakhstan
Stas Pokatilov,0,28,0,,,,,,GK,,,Kazakhstan
Temirlan Erlanov,5,27,5,0,2,450,2,0,DF,0,1,Kazakhstan
Toktar Zhangylyshbay,2,27,4,0,0,133,0,0,MF,0,0,Kazakhstan
Tïmwr Dosmagambetov,0,31,0,,,,,,MF,,,Kazakhstan
Viktor Dmitrenko,0,29,0,,,,,,DF,,,Kazakhstan
Yeldos Akhmetov,0,30,0,0,,,,0,DF,,,Kazakhstan
Yuriy Logvinenko,1,32,1,0,0,90,0,0,"DF,MF",0,0,Kazakhstan
Yuriy Pertsukh,5,24,7,0,1,459,1,0,FW,0,0,Kazakhstan
Adolfo Hirsch,0,35,5,0,1,174,1,0,FW,0,0,San Marino
Aldo Junior Simoncini,2,34,2,0,0,180,0,0,GK,0,0,San Marino
Alessandro D'Addario,3,23,3,0,0,199,0,0,DF,0,0,San Marino
Alessandro Golinucci,4,26,6,0,1,373,1,0,MF,0,0,San Marino
Alex Della Valle,0,30,0,,,,,,DF,,,San Marino
Alex Gasperoni,3,36,4,0,0,219,0,0,MF,0,0,San Marino
Andrea Grandoni,6,23,7,0,0,563,0,0,DF,0,0,San Marino
Cristian Brolli,5,28,5,0,1,450,1,0,DF,0,0,San Marino
Danilo Rinaldi,1,34,1,0,1,56,1,0,"FW,MF",0,0,San Marino
Davide Cesarini,1,25,1,0,0,76,0,0,DF,0,0,San Marino
Davide Simoncini,5,34,5,0,4,450,4,0,DF,0,0,San Marino
Elia Benedettini,2,25,2,0,0,180,0,0,GK,0,0,San Marino
Enrico Golinucci,4,29,5,0,0,381,0,0,"MF,DF",0,0,San Marino
Fabio Tomassini,1,24,3,0,0,122,0,0,FW,0,0,San Marino
Fabio Vitaioli,4,36,4,0,1,360,1,0,DF,0,0,San Marino
Filippo Berardi,6,23,6,0,0,469,0,0,FW,0,1,San Marino
Kevin Zonzini,0,23,0,,,,,,MF,,,San Marino
Lorenzo Lunadei,3,23,6,0,0,338,0,0,MF,1,0,San Marino
Luca Ceccaroli,0,25,2,0,1,20,1,0,MF,0,0,San Marino
Luca Censoni,3,24,4,0,2,310,2,0,MF,0,0,San Marino
Luca Tosi,0,28,0,,,,,,MF,,,San Marino
Manuel Battistini,5,26,7,0,1,509,1,0,DF,0,0,San Marino
Marcello Mularoni,6,22,6,0,2,540,2,0,MF,0,0,San Marino
Marco Bernardi,1,27,2,0,0,68,0,0,FW,0,0,San Marino
Matteo Vitaioli,3,31,4,0,0,250,0,0,FW,0,0,San Marino
Matteo Zavoli,0,24,0,,,,,,GK,,,San Marino
Mattia Giardi,4,29,4,0,1,247,1,0,MF,0,0,San Marino
Michael Battistini,1,24,1,0,0,45,0,0,MF,0,0,San Marino
Michele Cevoli,1,22,2,0,0,119,0,0,DF,0,0,San Marino
Mirco De Angelis,0,20,0,,,,,,GK,,,San Marino
Mirko Palazzi,5,33,5,0,2,410,2,0,DF,0,0,San Marino
Nicola Nanni,5,20,6,0,0,452,0,0,FW,0,0,San Marino
Nicoló Angelini,0,28,0,,,,,,FW,,,San Marino
Simone Benedettini,4,24,4,0,0,360,0,0,GK,0,0,San Marino
Alessandro Florenzi,3,29,4,0,0,352,0,0,DF,0,0,Italy
Alessio Cragno,0,26,0,,,,,,GK,,,Italy
Alessio Romagnoli,3,26,3,0,0,270,0,0,DF,0,2,Italy
Alex Meret,0,23,1,0,0,13,0,0,GK,0,0,Italy
Andrea Belotti,4,27,7,0,0,389,0,0,FW,2,5,Italy
Armando Izzo,1,28,2,0,0,111,0,0,DF,0,0,Italy
Bryan Cristante,1,25,1,0,0,90,0,0,MF,1,0,Italy
Ciro Immobile,3,30,3,0,0,245,0,0,FW,1,3,Italy
Cristiano Biraghi,2,28,2,0,0,178,0,0,DF,1,0,Italy
Danilo D'Ambrosio,1,32,1,0,0,90,0,0,DF,0,0,Italy
Emerson Palmieri,5,26,5,0,0,346,0,0,DF,2,0,Italy
Fabio Quagliarella,1,38,1,2,0,45,0,2,FW,0,0,Italy
Federico Bernardeschi,4,26,7,0,1,387,1,0,FW,1,2,Italy
Federico Chiesa,5,23,6,0,0,397,0,0,FW,3,1,Italy
Francesco Acerbi,3,32,3,0,0,270,0,0,DF,0,1,Italy
Gaetano Castrovilli,0,23,1,0,0,4,0,0,FW,0,0,Italy
Gianluca Mancini,2,24,2,0,0,156,0,0,DF,0,0,Italy
Gianluigi Donnarumma,4,21,4,0,1,358,1,0,GK,0,0,Italy
Giorgio Chiellini,2,36,2,0,0,180,0,0,DF,0,0,Italy
Giovanni Di Lorenzo,2,27,2,0,0,180,0,0,DF,1,0,Italy
Jorginho,7,29,7,3,2,630,2,3,MF,1,3,Italy
Kevin Lasagna,0,28,1,0,0,7,0,0,FW,0,0,Italy
Leonardo Bonucci,7,33,8,0,1,611,1,0,DF,3,1,Italy
Leonardo Pavoletti,0,32,0,0,,,,0,FW,,,Italy
Leonardo Spinazzola,1,27,1,0,0,90,0,0,DF,0,0,Italy
Lorenzo Insigne,4,29,4,0,0,356,0,0,FW,1,3,Italy
Lorenzo Pellegrini,1,24,3,0,0,128,0,0,FW,0,1,Italy
Luca Pellegrini,0,21,0,,,,,,DF,,,Italy
Marco Verratti,5,28,5,0,2,441,2,0,MF,0,1,Italy
Mattia De Sciglio,0,28,2,0,0,46,0,0,DF,0,0,Italy
Moise Kean,0,20,0,0,,,,0,FW,,,Italy
Nicolò Barella,7,23,7,0,1,561,1,0,MF,2,2,Italy
Nicolò Zaniolo,2,21,3,0,0,156,0,0,"MF,FW",1,2,Italy
Pierluigi Gollini,0,25,1,0,0,2,0,0,GK,0,0,Italy
Riccardo Orsolini,0,24,1,0,0,45,0,0,FW,1,1,Italy
Rolando Mandragora,0,23,0,,,,,,MF,,,Italy
Salvatore Sirigu,4,34,4,0,0,347,0,0,GK,0,0,Italy
Sandro Tonali,2,20,3,0,1,196,1,0,MF,0,0,Italy
Stefano Sensi,1,25,2,0,0,111,0,0,MF,0,0,Italy
Stephan El Shaarawy,0,28,2,0,0,42,0,0,"FW,MF",1,1,Italy
Vincenzo Grifo,1,27,1,0,0,90,0,0,FW,1,0,Italy
Albin Granlund,2,31,2,0,0,120,0,0,DF,0,0,Finland
Anssi Jaakkola,0,33,0,,,,,,GK,,,Finland
Benjamin Källman,1,22,1,0,0,90,0,0,FW,0,1,Finland
Daniel O'Shaughnessy,0,26,0,,,,,,DF,,,Finland
Fredrik Jensen,1,23,3,0,0,69,0,0,MF,0,1,Finland
Glen Kamara,8,25,8,0,1,717,1,0,MF,0,0,Finland
Jasse Tuominen,3,25,4,0,0,282,0,0,FW,0,1,Finland
Jere Uronen,6,26,6,0,1,540,1,0,DF,0,0,Finland
Jesse Joronen,1,27,1,0,0,90,0,0,GK,0,0,Finland
Joel Pohjanpalo,0,26,2,0,0,82,0,0,FW,1,1,Finland
Joni Kauko,2,30,5,0,2,221,2,0,MF,0,0,Finland
Joona Toivio,8,32,8,0,1,689,1,0,DF,0,0,Finland
Juha Pirinen,1,29,1,0,0,90,0,0,"DF,FW",0,0,Finland
Jukka Raitala,6,32,7,0,1,588,1,0,DF,0,0,Finland
Lassi Lappalainen,3,22,4,0,0,237,0,0,FW,1,0,Finland
Leo Väisänen,1,23,2,0,0,94,0,0,DF,0,0,Finland
Lukáš Hrádecký,7,31,7,0,0,630,0,0,GK,0,0,Finland
Niko Markkula,0,30,0,,,,,,"DF,MF",,,Finland
Paulus Arajuuri,6,32,6,0,1,480,1,0,DF,0,0,Finland
Petteri Forsell,1,30,1,0,0,63,0,0,"FW,MF",0,0,Finland
Pyry Soiri,3,26,7,0,0,278,0,0,DF,0,0,Finland
Rasmus Karjalainen,0,24,2,0,0,11,0,0,MF,0,0,Finland
Rasmus Schüller,2,29,6,0,1,202,1,0,MF,1,0,Finland
Robert Taylor,0,26,0,0,,,,0,MF,,,Finland
Robin Lod,8,27,8,0,0,720,0,0,FW,2,0,Finland
Sauli Väisänen,3,26,4,0,1,330,1,0,DF,0,0,Finland
Simon Skrabb,2,26,3,0,0,174,0,0,"FW,MF",0,0,Finland
Teemu Pukki,8,30,8,3,1,709,1,3,FW,0,10,Finland
Thomas Lam,0,27,1,0,0,31,0,0,"DF,MF",0,0,Finland
Tim Sparv,5,33,5,0,1,383,1,0,MF,0,0,Finland
Alexandros Paschalakis,2,31,2,0,0,180,0,0,GK,0,0,Greece
Anastasios Bakasetas,4,27,5,0,0,353,0,0,FW,1,0,Greece
Anastasios Donis,0,24,2,0,0,32,0,0,FW,0,0,Greece
Andreas Bouchalakis,3,27,4,0,1,244,1,0,MF,0,0,Greece
Andreas Samaris,3,31,3,0,1,242,1,0,MF,0,0,Greece
Charalampos Mavrias,1,26,2,0,0,62,0,0,"FW,MF",0,0,Greece
Dimitris Giannoulis,3,25,5,0,1,289,1,0,MF,1,0,Greece
Dimitris Kolovos,2,27,3,0,0,127,0,0,"FW,MF",0,0,Greece
Dimitris Kourbelis,6,27,6,0,2,495,2,0,"DF,MF",0,0,Greece
Dimitris Limnios,4,22,4,0,0,354,0,0,FW,0,1,Greece
Dimitris Pelkas,1,27,2,0,2,98,2,0,MF,0,0,Greece
Dimitris Siovas,3,32,3,0,0,270,0,0,DF,0,0,Greece
Efthimis Koulouris,4,24,7,0,2,385,2,0,FW,1,0,Greece
Emmanouil Siopis,0,26,2,0,0,60,0,0,MF,0,0,Greece
Fiorin Durmishaj,0,24,0,,,,,,FW,,,Greece
Giannis Fetfatzidis,1,30,2,0,0,74,0,0,MF,0,0,Greece
Giannis Kotsiras,0,28,1,0,0,73,0,0,DF,0,0,Greece
Giorgos Masouras,4,27,7,0,4,410,4,0,MF,0,1,Greece
Giorgos Valerianos,0,28,0,,,,,,"DF,MF",,,Greece
Konstantinos Galanopoulos,3,23,3,0,0,253,0,0,MF,0,1,Greece
Kostas Fortounis,2,28,2,1,0,180,0,1,"FW,MF",1,1,Greece
Kostas Manolas,3,29,3,0,0,270,0,0,DF,0,0,Greece
Kostas Stafylidis,6,27,6,0,1,540,1,0,DF,0,0,Greece
Kostas Tsimikas,1,24,1,0,0,90,0,0,DF,0,0,Greece
Leonardo Koutris,1,25,1,0,0,90,0,0,DF,0,0,Greece
Marious Vrousai,2,22,2,0,0,180,0,0,MF,0,0,Greece
Michalis Bakakis,5,29,6,0,1,470,1,0,DF,0,0,Greece
Odisseas Vlachodimos,3,26,3,0,0,270,0,0,GK,0,0,Greece
Pantelis Hatzidiakos,4,24,4,0,1,360,1,0,DF,0,0,Greece
Petros Mantalos,3,29,4,0,1,227,1,0,FW,1,1,Greece
Sebastian Vasiliadis,0,23,0,,,,,,MF,,,Greece
Sokratis Dioudis,0,27,0,,,,,,GK,,,Greece
Sokratis Papastathopoulos,4,32,4,0,1,360,1,0,DF,0,0,Greece
Vangelis Pavlidis,3,22,5,0,1,244,1,0,FW,0,1,Greece
Vasilios Barkas,3,26,3,0,0,270,0,0,GK,0,0,Greece
Vasilis Torosidis,1,35,1,0,1,70,1,0,"DF,MF",0,0,Greece
Vassilis Lambropoulos,0,30,0,,,,,,DF,,,Greece
Zeca,3,32,4,0,2,298,2,0,MF,0,1,Greece
Adnan Kovačević,3,27,3,0,1,270,1,0,DF,0,0,Bosnia and Herzegovina
Amer Gojak,5,23,6,0,0,451,0,0,MF,3,4,Bosnia and Herzegovina
Armin Hodžić,3,26,4,0,1,280,1,0,FW,0,3,Bosnia and Herzegovina
Bojan Nastić,0,26,1,0,0,19,0,0,DF,0,0,Bosnia and Herzegovina
Darko Todorović,3,23,3,0,0,265,0,0,DF,0,0,Bosnia and Herzegovina
Deni Milošević,1,25,1,0,0,55,0,0,"FW,MF",0,0,Bosnia and Herzegovina
Dino Hotić,0,25,1,0,0,45,0,0,MF,0,0,Bosnia and Herzegovina
Edin Džeko,5,34,6,0,2,470,2,0,FW,1,3,Bosnia and Herzegovina
Edin Višća,6,30,6,0,2,413,2,0,"MF,FW",1,1,Bosnia and Herzegovina
Eldar Ćivić,3,24,3,0,1,251,1,0,DF,0,1,Bosnia and Herzegovina
Elvis Sarić,5,30,6,0,2,433,2,0,MF,0,0,Bosnia and Herzegovina
Ermin Bičakčić,7,31,7,0,0,630,0,0,DF,0,0,Bosnia and Herzegovina
Ervin Zukanović,4,33,4,0,0,360,0,0,DF,0,0,Bosnia and Herzegovina
Gojko Cimirot,5,28,6,0,1,415,1,0,MF,1,0,Bosnia and Herzegovina
Goran Zakarić,0,28,0,0,,,,0,MF,,,Bosnia and Herzegovina
Haris Duljević,2,27,5,0,0,201,0,0,"FW,MF",1,0,Bosnia and Herzegovina
Haris Hajradinović,1,26,1,0,0,64,0,0,MF,1,0,Bosnia and Herzegovina
Ibrahim Šehić,7,32,7,0,0,630,0,0,GK,0,0,Bosnia and Herzegovina
Irfan Hadžić,0,27,0,,,,,,FW,,,Bosnia and Herzegovina
Izet Hajrović,2,29,3,0,0,252,0,0,MF,0,1,Bosnia and Herzegovina
Jasmin Burić,0,33,0,,,,,,GK,,,Bosnia and Herzegovina
Kenan Pirić,1,26,1,0,0,90,0,0,GK,0,0,Bosnia and Herzegovina
Mario Vrančić,0,31,0,,,,,,MF,,,Bosnia and Herzegovina
Marko Mihojević,1,24,2,0,0,135,0,0,DF,0,0,Bosnia and Herzegovina
Mato Jajalo,1,32,4,0,1,167,1,0,MF,1,0,Bosnia and Herzegovina
Miralem Pjanić,6,30,6,1,1,506,1,1,MF,0,2,Bosnia and Herzegovina
Muhamed Bešić,4,28,5,0,2,336,2,0,MF,1,0,Bosnia and Herzegovina
Rade Krunić,2,27,3,0,0,194,0,0,FW,0,0,Bosnia and Herzegovina
Riad Bajić,0,26,3,0,0,46,0,0,FW,0,0,Bosnia and Herzegovina
Samir Memišević,1,27,1,0,0,90,0,0,"DF,MF",0,0,Bosnia and Herzegovina
Sead Kolašinac,5,27,5,0,0,450,0,0,DF,2,0,Bosnia and Herzegovina
Smail Prevljak,0,25,0,,,,,,FW,,,Bosnia and Herzegovina
Stjepan Lončar,0,24,2,0,0,17,0,0,MF,0,0,Bosnia and Herzegovina
Toni Šunjić,2,32,2,0,0,115,0,0,DF,0,0,Bosnia and Herzegovina
Vladen Kovačević,0,22,0,,,,,,GK,,,Bosnia and Herzegovina
Zoran Kvržić,3,32,3,0,1,270,1,0,DF,1,0,Bosnia and Herzegovina
Aleksandre Karapetian,7,33,7,0,3,547,3,0,FW,0,3,Armenia
Anatoliy Ayvazov,0,24,0,,,,,,GK,,,Armenia
André Calisir,3,30,3,0,0,270,0,0,DF,0,0,Armenia
Aram Ayrapetyan,8,34,8,0,1,720,1,0,GK,0,0,Armenia
Aras Özbiliz,0,30,2,0,0,27,0,0,"FW,MF",0,0,Armenia
Arman Hovhannisyan,2,27,3,0,1,187,1,0,DF,0,0,Armenia
Armen Ambartsumyan,0,26,0,,,,,,"FW,MF",,,Armenia
Armen Manucharyan,0,25,0,,,,,,DF,,,Armenia
Arsen Beglaryan,0,27,0,,,,,,GK,,,Armenia
Artak Grigoryan,5,33,7,0,0,398,0,0,MF,0,0,Armenia
Artak Yedigaryan,1,30,2,0,1,94,1,0,MF,0,0,Armenia
Artem Simonyan,0,25,1,0,0,30,0,0,MF,0,0,Armenia
Artur Danielyan,0,22,0,,,,,,DF,,,Armenia
Artur Miranyan,0,25,1,0,0,7,0,0,FW,0,0,Armenia
Artur Sarkisov,0,34,2,0,0,52,0,0,DF,0,0,Armenia
Edgar Babayan,1,25,5,0,1,148,1,0,MF,1,1,Armenia
Erik Vardanyan,0,21,0,,,,,,MF,,,Armenia
Gegham Harutyunyan,0,30,0,,,,,,DF,,,Armenia
Gevorg Ghazaryan,6,32,6,0,2,510,2,0,"FW,MF",2,2,Armenia
Gevorg Kasparov,0,40,0,,,,,,GK,,,Armenia
Gor Malakyan,0,26,2,0,0,48,0,0,MF,0,0,Armenia
Hayk Ishkhanyan,6,31,6,0,0,519,0,0,DF,0,0,Armenia
Henri Avagyan,0,25,0,,,,,,GK,,,Armenia
Henrikh Mkhitaryan,4,32,4,1,0,360,0,1,"FW,MF",1,2,Armenia
Hovhannes Hambardzumyan,8,30,8,0,1,720,1,0,DF,1,1,Armenia
Jordy Monroy,0,25,0,,,,,,DF,,,Armenia
Kamo Hovhannisyan,6,28,6,0,0,533,0,0,DF,1,0,Armenia
Karlen Mkrtchyan,4,32,4,0,1,296,1,0,MF,0,0,Armenia
Marcos Pizzelli,1,36,1,0,0,60,0,0,"FW,MF",0,0,Armenia
Petros Avetisyan,1,25,4,0,0,100,0,0,MF,0,0,Armenia
Rumyan Hovsepyan,4,29,7,0,3,410,3,0,MF,0,0,Armenia
Sargis Adamyan,3,27,4,0,1,303,1,0,"FW,MF",0,0,Armenia
Taron Voskanyan,2,27,2,0,0,173,0,0,DF,0,0,Armenia
Tigran Barseghyan,8,27,8,0,2,662,2,0,MF,3,3,Armenia
Varazdat Haroyan,7,28,7,0,3,630,3,0,DF,1,0,Armenia
Alexander Marxer,0,26,0,,,,,,DF,,,Liechtenstein
Andreas Malin,6,27,6,0,0,540,0,0,DF,0,0,Liechtenstein
Armando Majer,0,21,0,,,,,,GK,,,Liechtenstein
Aron Sele,2,24,5,0,1,194,1,0,MF,0,0,Liechtenstein
Benjamin Büchel,6,31,6,0,0,540,0,0,GK,0,0,Liechtenstein
Claudio Majer,0,24,0,,,,,,GK,,,Liechtenstein
Daniel Brändle,2,29,6,0,1,229,1,0,MF,0,0,Liechtenstein
Daniel Kaufmann,5,30,5,0,0,450,0,0,DF,0,0,Liechtenstein
Dennis Salanović,8,24,8,0,1,675,1,0,MF,1,1,Liechtenstein
Fabian Eberle,0,28,0,,,,,,DF,,,Liechtenstein
Fabio Wolfinger,0,24,0,,,,,,MF,,,Liechtenstein
Jens Hofer,3,23,4,0,0,278,0,0,DF,0,0,Liechtenstein
Justin Ospelt,0,21,0,,,,,,GK,,,Liechtenstein
Livio Meier,4,23,5,0,1,297,1,0,MF,0,0,Liechtenstein
Lorenzo Lo Russo,0,27,0,,,,,,GK,,,Liechtenstein
Marcel Büchel,2,29,2,0,1,144,1,0,MF,0,0,Liechtenstein
Marco Wolfinger,0,31,0,,,,,,DF,,,Liechtenstein
Martin Büchel,6,33,7,0,1,576,1,0,MF,0,0,Liechtenstein
Martin Rechsteiner,7,31,7,0,1,622,1,0,DF,0,0,Liechtenstein
Maximilian Göppel,7,23,7,0,0,630,0,0,DF,0,0,Liechtenstein
Michele Polverino,5,36,6,0,0,414,0,0,MF,0,0,Liechtenstein
Nicolas Hasler,8,29,8,0,1,720,1,0,MF,1,0,Liechtenstein
Noah Frick,0,19,1,0,0,34,0,0,MF,0,0,Liechtenstein
Noah Frommelt,0,20,1,0,0,23,0,0,MF,0,0,Liechtenstein
Philipp Ospelt,0,28,0,,,,,,FW,,,Liechtenstein
Ridvan Kardesoglu,0,24,1,0,0,6,0,0,FW,0,0,Liechtenstein
Robin Gubser,4,29,6,0,0,285,0,0,FW,0,0,Liechtenstein
Sandro Wieser,3,27,3,0,0,220,0,0,MF,0,0,Liechtenstein
Sandro Wolfinger,3,29,5,0,0,285,0,0,MF,0,0,Liechtenstein
Seyhan Yildiz,1,31,4,0,0,182,0,0,MF,0,0,Liechtenstein
Simon Kühne,1,26,2,0,0,135,0,0,MF,0,0,Liechtenstein
Thomas Hobi,2,27,2,0,0,180,0,0,GK,0,0,Liechtenstein
Yanik Frick,3,22,5,0,1,261,1,0,FW,0,1,Liechtenstein
